mem_no,last_ord_dt,recency,frequency,monetary,is_back
1,2023-01-01,30,1,28700,0
2,2023-01-12,19,7,26929,0
3,2023-01-01,30,1,54800,0
4,2023-01-27,4,3,25700,1
5,2023-01-01,30,2,6500,0
6,2023-01-15,16,2,37500,1
7,2023-01-22,9,4,92575,0
8,2023-01-31,0,34,23344,1
9,2023-01-01,30,1,32500,0
10,2023-01-01,30,1,22900,0
11,2023-01-23,8,2,24900,1
12,2023-01-25,6,2,18500,1
13,2023-01-01,30,1,17800,0
14,2023-01-30,1,3,31400,1
15,2023-01-01,30,1,70000,0
16,2023-01-01,30,1,30000,0
17,2023-01-01,30,1,40500,0
18,2023-01-01,30,1,22000,0
19,2023-01-01,30,1,16400,0
20,2023-01-30,1,7,37300,1
21,2023-01-01,30,1,30000,0
22,2023-01-21,10,3,25833,1
23,2023-01-28,3,10,15610,1
24,2023-01-26,5,3,45600,1
25,2023-01-01,30,2,27500,0
26,2023-01-31,0,6,14400,1
27,2023-01-01,30,2,15700,0
28,2023-01-25,6,3,19233,1
29,2023-01-12,19,3,27267,1
30,2023-01-01,30,1,23800,0
31,2023-01-03,28,7,26786,0
32,2023-01-15,16,2,21500,1
33,2023-01-20,11,3,22000,0
34,2023-01-27,4,2,19550,1
35,2023-01-01,30,1,21900,0
36,2023-01-18,13,5,18660,1
37,2023-01-02,29,2,29400,0
38,2023-01-01,30,1,28900,0
39,2023-01-01,30,1,39000,1
40,2023-01-01,30,1,52000,1
41,2023-01-01,30,1,21000,0
42,2023-01-01,30,1,20000,0
43,2023-01-01,30,1,39000,0
44,2023-01-01,30,1,32000,1
45,2023-01-01,30,2,40000,0
46,2023-01-01,30,1,40200,1
47,2023-01-01,30,1,22500,0
48,2023-01-01,30,1,31000,0
49,2023-01-01,30,1,13000,0
50,2023-01-12,19,2,18500,0
51,2023-01-22,9,3,22800,0
52,2023-01-23,8,2,28150,0
53,2023-01-01,30,1,22000,0
54,2023-01-18,13,2,40500,1
55,2023-01-01,30,1,15500,0
56,2023-01-30,1,2,20400,0
57,2023-01-01,30,1,32000,0
58,2023-01-12,19,2,14250,1
59,2023-01-08,23,2,39500,1
60,2023-01-28,3,3,40667,0
61,2023-01-01,30,1,27000,1
62,2023-01-01,30,1,14000,0
63,2023-01-28,3,3,27833,1
64,2023-01-20,11,3,30300,1
65,2023-01-01,30,1,45900,0
66,2023-01-01,30,1,16800,0
67,2023-01-26,5,2,11750,1
68,2023-01-01,30,1,32000,0
69,2023-01-01,30,1,54000,1
70,2023-01-29,2,8,21913,1
71,2023-01-01,30,1,25500,0
72,2023-01-29,2,2,23900,0
73,2023-01-01,30,1,26500,0
74,2023-01-01,30,1,38500,0
75,2023-01-30,1,3,15167,0
76,2023-01-01,30,1,31000,0
77,2023-01-17,14,2,46900,1
78,2023-01-01,30,1,39000,1
79,2023-01-28,3,2,30000,1
80,2023-01-01,30,1,16000,0
81,2023-01-22,9,2,29500,1
82,2023-01-22,9,2,18500,0
83,2023-01-27,4,4,13800,1
84,2023-01-01,30,1,21400,0
85,2023-01-01,30,1,25000,0
86,2023-01-21,10,5,28640,1
87,2023-01-16,15,3,19667,0
88,2023-01-29,2,7,18514,1
89,2023-01-01,30,1,30000,0
90,2023-01-01,30,1,35300,1
91,2023-01-01,30,1,17000,0
92,2023-01-01,30,1,18000,0
93,2023-01-01,30,1,37000,0
94,2023-01-27,4,3,27933,1
95,2023-01-08,23,7,18571,0
96,2023-01-01,30,1,16900,0
97,2023-01-01,30,3,30300,0
98,2023-01-01,30,1,124000,1
99,2023-01-04,27,2,19600,1
100,2023-01-21,10,2,19250,1
101,2023-01-29,2,8,20700,1
102,2023-01-14,17,2,24950,1
103,2023-01-29,2,5,30600,1
104,2023-01-06,25,2,31400,0
105,2023-01-01,30,1,20500,0
106,2023-01-15,16,3,28467,0
107,2023-01-27,4,3,8500,0
108,2023-01-01,30,1,16000,0
109,2023-01-25,6,5,20000,1
110,2023-01-01,30,1,30900,1
111,2023-01-04,27,2,17000,0
112,2023-01-01,30,3,36900,1
113,2023-01-01,30,2,12750,0
114,2023-01-24,7,6,20083,1
115,2023-01-01,30,2,30000,0
116,2023-01-23,8,3,26833,0
117,2023-01-25,6,2,49500,0
118,2023-01-13,18,2,16750,0
119,2023-01-01,30,1,30000,1
120,2023-01-13,18,2,22900,1
121,2023-01-01,30,1,15000,1
122,2023-01-27,4,2,23900,0
123,2023-01-21,10,3,27400,0
124,2023-01-26,5,4,24025,1
125,2023-01-01,30,1,25000,0
126,2023-01-21,10,2,42900,0
127,2023-01-28,3,3,27667,1
128,2023-01-27,4,3,36633,1
129,2023-01-01,30,1,14000,0
130,2023-01-01,30,1,21900,1
131,2023-01-01,30,1,45000,1
132,2023-01-01,30,1,125000,0
133,2023-01-01,30,2,32000,0
134,2023-01-11,20,3,13500,0
135,2023-01-31,0,3,36400,1
136,2023-01-16,15,2,20500,0
137,2023-01-01,30,1,60500,1
138,2023-01-01,30,1,17500,1
139,2023-01-01,30,1,13500,0
140,2023-01-30,1,15,12047,1
141,2023-01-01,30,3,19600,0
142,2023-01-17,14,2,25000,1
143,2023-01-01,30,2,24400,0
144,2023-01-01,30,1,36800,1
145,2023-01-01,30,1,24800,1
146,2023-01-01,30,1,15400,1
147,2023-01-29,2,3,24933,1
148,2023-01-31,0,2,39500,1
149,2023-01-29,2,5,33100,1
150,2023-01-01,30,1,10500,0
151,2023-01-01,30,1,55000,0
152,2023-01-01,30,1,20300,0
153,2023-01-01,30,1,14900,1
154,2023-01-01,30,1,25000,0
155,2023-01-01,30,1,16900,1
156,2023-01-23,8,2,28750,1
157,2023-01-12,19,2,36900,1
158,2023-01-01,30,1,18000,1
159,2023-01-23,8,3,23500,1
160,2023-01-29,2,5,23720,1
161,2023-01-22,9,2,22100,1
162,2023-01-15,16,5,17580,1
163,2023-01-01,30,1,30000,1
164,2023-01-01,30,1,35900,0
165,2023-01-01,30,3,20900,1
166,2023-01-01,30,1,22000,1
167,2023-01-14,17,3,19867,0
168,2023-01-24,7,4,44425,1
169,2023-01-08,23,4,35725,0
170,2023-01-01,30,1,33800,0
171,2023-01-01,30,1,11900,0
172,2023-01-30,1,11,27464,1
173,2023-01-01,30,1,25300,1
174,2023-01-24,7,4,33800,1
175,2023-01-01,30,1,22700,0
176,2023-01-01,30,1,32300,0
177,2023-01-19,12,2,22700,0
178,2023-01-01,30,1,24500,0
179,2023-01-28,3,6,22450,1
180,2023-01-05,26,2,34500,0
181,2023-01-16,15,3,42167,0
182,2023-01-06,25,2,39400,0
183,2023-01-01,30,1,36300,0
184,2023-01-27,4,5,32380,1
185,2023-01-29,2,2,27750,1
186,2023-01-18,13,4,38625,1
187,2023-01-01,30,1,22500,0
188,2023-01-01,30,1,27900,0
189,2023-01-01,30,2,32950,1
190,2023-01-01,30,1,41500,0
191,2023-01-08,23,2,20300,0
192,2023-01-27,4,5,28240,1
193,2023-01-01,30,1,14000,0
194,2023-01-11,20,3,12267,1
195,2023-01-01,30,1,35400,0
196,2023-01-01,30,1,26000,1
197,2023-01-01,30,1,62000,0
198,2023-01-01,30,1,29900,0
199,2023-01-25,6,2,24550,1
200,2023-01-11,20,2,16700,1
201,2023-01-28,3,4,23225,1
202,2023-01-10,21,3,18833,0
203,2023-01-28,3,6,26033,1
204,2023-01-01,30,1,41700,1
205,2023-01-01,30,1,29000,1
206,2023-01-01,30,1,19400,0
207,2023-01-01,30,2,22500,1
208,2023-01-29,2,4,19675,1
209,2023-01-30,1,3,17533,1
210,2023-01-01,30,1,25000,0
211,2023-01-01,30,1,20000,0
212,2023-01-01,30,2,28900,0
213,2023-01-04,27,2,59450,0
214,2023-01-23,8,23,21070,1
215,2023-01-05,26,3,23633,1
216,2023-01-01,30,1,40000,0
217,2023-01-28,3,4,32475,1
218,2023-01-28,3,2,35900,1
219,2023-01-30,1,7,16543,1
220,2023-01-01,30,1,53000,1
221,2023-01-28,3,3,14500,0
222,2023-01-01,30,1,31500,1
223,2023-01-26,5,3,24967,0
224,2023-01-01,30,1,20000,0
225,2023-01-01,30,1,25000,0
226,2023-01-01,30,1,23000,0
227,2023-01-13,18,2,50050,1
228,2023-01-01,30,1,23000,1
229,2023-01-01,30,1,28900,0
230,2023-01-01,30,1,67000,0
231,2023-01-29,2,2,20000,1
232,2023-01-01,30,1,28000,0
233,2023-01-20,11,5,25360,0
234,2023-01-01,30,1,22000,0
235,2023-01-25,6,5,21040,1
236,2023-01-07,24,2,20700,1
237,2023-01-01,30,1,17000,1
238,2023-01-01,30,1,13000,0
239,2023-01-01,30,2,29750,0
240,2023-01-24,7,2,56500,1
241,2023-01-08,23,3,28867,0
242,2023-01-01,30,1,27000,0
243,2023-01-25,6,2,23650,0
244,2023-01-01,30,1,23000,0
245,2023-01-01,30,1,16000,1
246,2023-01-28,3,2,17500,1
247,2023-01-01,30,1,23500,0
248,2023-01-04,27,3,27500,0
249,2023-01-15,16,2,20200,1
250,2023-01-01,30,1,25800,0
251,2023-01-01,30,1,39000,0
252,2023-01-01,30,2,21900,0
253,2023-01-01,30,1,21500,1
254,2023-01-01,30,1,23900,1
255,2023-01-01,30,1,18900,0
256,2023-01-15,16,4,32125,0
257,2023-01-12,19,27,30281,0
258,2023-01-01,30,1,22000,1
259,2023-01-01,30,1,47000,0
260,2023-01-01,30,1,8500,1
261,2023-01-01,30,1,17800,0
262,2023-01-27,4,5,25020,0
263,2023-01-19,12,3,28833,1
264,2023-01-26,5,2,25500,1
265,2023-01-01,30,1,25900,0
266,2023-01-07,24,3,25633,0
267,2023-01-01,30,2,30300,0
268,2023-01-01,30,1,34900,0
269,2023-01-01,30,1,21000,0
270,2023-01-01,30,1,30000,0
271,2023-01-01,30,1,20000,0
272,2023-01-22,9,2,38350,1
273,2023-01-07,24,2,26200,1
274,2023-01-01,30,1,23600,1
275,2023-01-25,6,2,36750,1
276,2023-01-01,30,1,21000,0
277,2023-01-07,24,2,21250,1
278,2023-01-01,30,2,26600,0
279,2023-01-22,9,5,30140,1
280,2023-01-01,30,1,17500,0
281,2023-01-01,30,1,55900,1
282,2023-01-01,30,1,36000,0
283,2023-01-01,30,1,37500,0
284,2023-01-01,30,1,30000,0
285,2023-01-01,30,1,33500,1
286,2023-01-21,10,2,26450,0
287,2023-01-01,30,1,32400,0
288,2023-01-01,30,2,37800,0
289,2023-01-09,22,5,12800,1
290,2023-01-01,30,1,16000,0
291,2023-01-05,26,2,30300,0
292,2023-01-01,30,1,19000,1
293,2023-01-01,30,1,20500,0
294,2023-01-01,30,2,35000,0
295,2023-01-07,24,3,28833,1
296,2023-01-30,1,6,22750,1
297,2023-01-01,30,1,64000,0
298,2023-01-25,6,3,25667,0
299,2023-01-01,30,1,18000,1
300,2023-01-22,9,3,23867,1
301,2023-01-30,1,5,30260,0
302,2023-01-01,30,1,20400,0
303,2023-01-01,30,1,40000,0
304,2023-01-05,26,3,17333,1
305,2023-01-15,16,4,21250,0
306,2023-01-23,8,3,20333,1
307,2023-01-10,21,2,16000,1
308,2023-01-26,5,2,23450,1
309,2023-01-01,30,1,55000,1
310,2023-01-02,29,2,21250,0
311,2023-01-17,14,3,34300,1
312,2023-01-01,30,1,100000,1
313,2023-01-01,30,1,25000,0
314,2023-01-31,0,2,20000,1
315,2023-01-28,3,2,10850,1
316,2023-01-30,1,4,19100,1
317,2023-01-08,23,2,35200,0
318,2023-01-01,30,2,39000,0
319,2023-01-23,8,2,29350,0
320,2023-01-24,7,4,28225,0
321,2023-01-23,8,2,24000,1
322,2023-01-01,30,1,38000,0
323,2023-01-14,17,4,59550,1
324,2023-01-01,30,1,43900,0
325,2023-01-28,3,6,27667,1
326,2023-01-01,30,1,17000,0
327,2023-01-01,30,1,13200,1
328,2023-01-06,25,2,16750,1
329,2023-01-31,0,3,19167,1
330,2023-01-28,3,2,23000,1
331,2023-01-11,20,7,17229,0
332,2023-01-14,17,6,38683,1
333,2023-01-25,6,8,19325,0
334,2023-01-01,30,1,14900,0
335,2023-01-01,30,1,30900,1
336,2023-01-01,30,1,27000,0
337,2023-01-12,19,2,28900,1
338,2023-01-12,19,2,22400,0
339,2023-01-01,30,2,20000,0
340,2023-01-01,30,1,41300,0
341,2023-01-01,30,1,25000,0
342,2023-01-14,17,2,20350,0
343,2023-01-10,21,3,26000,1
344,2023-01-12,19,3,31967,0
345,2023-01-05,26,3,27633,0
346,2023-01-01,30,1,20000,1
347,2023-01-22,9,3,27333,1
348,2023-01-01,30,1,13500,0
349,2023-01-01,30,1,30000,0
350,2023-01-27,4,2,25500,0
351,2023-01-07,24,2,34000,0
352,2023-01-29,2,13,21846,1
353,2023-01-01,30,1,41700,1
354,2023-01-01,30,2,21500,0
355,2023-01-01,30,1,33000,1
356,2023-01-01,30,1,25400,1
357,2023-01-01,30,1,34000,1
358,2023-01-01,30,1,48000,0
359,2023-01-17,14,3,16600,0
360,2023-01-28,3,3,27767,1
361,2023-01-01,30,2,20000,0
362,2023-01-01,30,1,16000,0
363,2023-01-01,30,1,18900,0
364,2023-01-01,30,1,20000,0
365,2023-01-19,12,6,15917,1
366,2023-01-05,26,3,17833,0
367,2023-01-01,30,2,19000,0
368,2023-01-01,30,1,32700,0
369,2023-01-01,30,1,29000,0
370,2023-01-14,17,12,17025,0
371,2023-01-27,4,4,68825,1
372,2023-01-01,30,1,23000,1
373,2023-01-01,30,1,23000,0
374,2023-01-01,30,1,34500,0
375,2023-01-01,30,1,21000,0
376,2023-01-01,30,1,26900,0
377,2023-01-26,5,4,34450,1
378,2023-01-30,1,4,24475,1
379,2023-01-31,0,14,21229,1
380,2023-01-29,2,2,9450,1
381,2023-01-01,30,1,23000,0
382,2023-01-01,30,2,35900,0
383,2023-01-01,30,1,21500,0
384,2023-01-01,30,1,10500,1
385,2023-01-01,30,1,24000,1
386,2023-01-29,2,6,19533,1
387,2023-01-01,30,1,59000,0
388,2023-01-01,30,1,37000,1
389,2023-01-18,13,2,25000,1
390,2023-01-15,16,2,44250,0
391,2023-01-23,8,3,24167,1
392,2023-01-01,30,1,12000,1
393,2023-01-24,7,2,22250,1
394,2023-01-27,4,3,27100,1
395,2023-01-22,9,2,43300,0
396,2023-01-01,30,1,19000,0
397,2023-01-15,16,3,19300,0
398,2023-01-02,29,3,25467,0
399,2023-01-01,30,1,21400,0
400,2023-01-17,14,2,27600,0
401,2023-01-01,30,1,35000,0
402,2023-01-28,3,6,14950,1
403,2023-01-23,8,5,21440,1
404,2023-01-05,26,3,18267,1
405,2023-01-08,23,2,32500,0
406,2023-01-01,30,1,61000,0
407,2023-01-01,30,1,21000,0
408,2023-01-30,1,8,30188,0
409,2023-01-01,30,1,40000,0
410,2023-01-01,30,2,16000,0
411,2023-01-24,7,4,34550,0
412,2023-01-07,24,3,18133,0
413,2023-01-02,29,2,24100,1
414,2023-01-01,30,1,34000,0
415,2023-01-30,1,4,18075,1
416,2023-01-01,30,1,51000,0
417,2023-01-20,11,6,24500,0
418,2023-01-01,30,1,27300,1
419,2023-01-01,30,2,25900,0
420,2023-01-21,10,5,21840,1
421,2023-01-01,30,1,34000,0
422,2023-01-29,2,2,39450,1
423,2023-01-20,11,2,33050,0
424,2023-01-01,30,1,16000,1
425,2023-01-07,24,4,16500,0
426,2023-01-29,2,7,26286,1
427,2023-01-30,1,4,20950,0
428,2023-01-22,9,3,20167,1
429,2023-01-12,19,3,32433,1
430,2023-01-01,30,2,33450,1
431,2023-01-29,2,7,81443,1
432,2023-01-01,30,1,21000,1
433,2023-01-12,19,5,37100,1
434,2023-01-01,30,1,18500,0
435,2023-01-01,30,2,19750,0
436,2023-01-01,30,1,24500,0
437,2023-01-01,30,1,24900,1
438,2023-01-13,18,2,26000,1
439,2023-01-31,0,9,27556,1
440,2023-01-27,4,2,24350,0
441,2023-01-23,8,2,32950,0
442,2023-01-01,30,2,34500,0
443,2023-01-01,30,1,43000,0
444,2023-01-01,30,1,18000,0
445,2023-01-01,30,1,21000,0
446,2023-01-01,30,1,19000,0
447,2023-01-01,30,1,10000,1
448,2023-01-26,5,8,19575,1
449,2023-01-20,11,3,34167,1
450,2023-01-01,30,1,28000,1
451,2023-01-07,24,2,32350,1
452,2023-01-07,24,2,35950,1
453,2023-01-27,4,3,30167,1
454,2023-01-01,30,1,27000,0
455,2023-01-01,30,1,18500,0
456,2023-01-31,0,2,28250,1
457,2023-01-01,30,1,19700,0
458,2023-01-01,30,1,38000,0
459,2023-01-01,30,1,26200,0
460,2023-01-01,30,1,29900,0
461,2023-01-06,25,2,33750,0
462,2023-01-14,17,3,29600,1
463,2023-01-21,10,14,15957,1
464,2023-01-01,30,1,20900,1
465,2023-01-01,30,1,25000,0
466,2023-01-07,24,2,22750,1
467,2023-01-01,30,1,30000,1
468,2023-01-01,30,1,25000,0
469,2023-01-28,3,4,20300,1
470,2023-01-21,10,3,56300,0
471,2023-01-29,2,5,25580,0
472,2023-01-31,0,6,19883,1
473,2023-01-01,30,1,32000,0
474,2023-01-01,30,1,24000,0
475,2023-01-31,0,8,17925,1
476,2023-01-01,30,1,24900,0
477,2023-01-29,2,7,17043,0
478,2023-01-15,16,2,22000,0
479,2023-01-10,21,3,19333,1
480,2023-01-28,3,6,20867,1
481,2023-01-28,3,3,15333,0
482,2023-01-12,19,2,15450,0
483,2023-01-23,8,3,22467,1
484,2023-01-01,30,1,33000,0
485,2023-01-29,2,3,16933,1
486,2023-01-18,13,2,35050,1
487,2023-01-04,27,2,34900,0
488,2023-01-01,30,1,52000,1
489,2023-01-05,26,2,13450,0
490,2023-01-22,9,2,46550,1
491,2023-01-01,30,1,33000,1
492,2023-01-02,29,2,37000,1
493,2023-01-08,23,6,21583,1
494,2023-01-27,4,8,40800,1
495,2023-01-29,2,3,42667,1
496,2023-01-01,30,1,63000,1
497,2023-01-01,30,1,41900,0
498,2023-01-29,2,3,21900,1
499,2023-01-01,30,1,14000,0
500,2023-01-01,30,1,18300,0
501,2023-01-01,30,1,17200,1
502,2023-01-04,27,3,25900,0
503,2023-01-28,3,3,13500,0
504,2023-01-02,29,2,23750,0
505,2023-01-01,30,1,16000,1
506,2023-01-07,24,2,23450,1
507,2023-01-01,30,1,20000,0
508,2023-01-23,8,2,31550,1
509,2023-01-07,24,4,26600,0
510,2023-01-01,30,1,20000,0
511,2023-01-01,30,2,43600,0
512,2023-01-29,2,7,25986,1
513,2023-01-01,30,1,17000,0
514,2023-01-01,30,1,30000,0
515,2023-01-01,30,1,29000,0
516,2023-01-13,18,4,20600,0
517,2023-01-26,5,2,20400,1
518,2023-01-01,30,1,35000,0
519,2023-01-01,30,3,27333,0
520,2023-01-01,30,1,17600,0
521,2023-01-01,30,1,49000,0
522,2023-01-01,30,1,21500,0
523,2023-01-01,30,1,14000,1
524,2023-01-15,16,2,49000,1
525,2023-01-01,30,1,29500,0
526,2023-01-28,3,2,21950,1
527,2023-01-01,30,1,42000,0
528,2023-01-01,30,1,21500,0
529,2023-01-01,30,1,21500,0
530,2023-01-13,18,2,28500,1
531,2023-01-01,30,1,36000,0
532,2023-01-01,30,1,14000,0
533,2023-01-29,2,2,40900,1
534,2023-01-01,30,1,28200,0
535,2023-01-01,30,1,25000,0
536,2023-01-25,6,15,15140,1
537,2023-01-01,30,1,20100,1
538,2023-01-29,2,8,20363,1
539,2023-01-01,30,1,36000,1
540,2023-01-09,22,3,36000,0
541,2023-01-31,0,4,19475,0
542,2023-01-07,24,2,30250,1
543,2023-01-01,30,1,23400,1
544,2023-01-01,30,1,16700,0
545,2023-01-01,30,1,13200,0
546,2023-01-01,30,1,18000,0
547,2023-01-08,23,2,23750,0
548,2023-01-19,12,3,18067,0
549,2023-01-01,30,1,10000,0
550,2023-01-01,30,1,13200,0
551,2023-01-01,30,1,19900,0
552,2023-01-24,7,2,45650,0
553,2023-01-19,12,2,27500,0
554,2023-01-01,30,1,28000,0
555,2023-01-28,3,3,19667,0
556,2023-01-24,7,3,26200,1
557,2023-01-01,30,1,75000,1
558,2023-01-01,30,2,31000,0
559,2023-01-22,9,3,41667,0
560,2023-01-01,30,1,17000,0
561,2023-01-20,11,6,34200,1
562,2023-01-01,30,1,20000,0
563,2023-01-15,16,3,26233,1
564,2023-01-01,30,1,23000,0
565,2023-01-01,30,1,28400,0
566,2023-01-01,30,1,36900,0
567,2023-01-01,30,1,23800,0
568,2023-01-01,30,1,54000,0
569,2023-01-01,30,1,17000,0
570,2023-01-13,18,11,29755,0
571,2023-01-24,7,2,26450,0
572,2023-01-08,23,2,16000,0
573,2023-01-22,9,2,20400,1
574,2023-01-10,21,2,25950,0
575,2023-01-30,1,5,9640,1
576,2023-01-01,30,1,36000,1
577,2023-01-01,30,1,15000,0
578,2023-01-04,27,2,16150,1
579,2023-01-29,2,3,41500,0
580,2023-01-27,4,2,20000,1
581,2023-01-23,8,2,30100,1
582,2023-01-01,30,1,28000,1
583,2023-01-26,5,3,17600,0
584,2023-01-01,30,1,25000,0
585,2023-01-01,30,2,26500,1
586,2023-01-01,30,1,25000,0
587,2023-01-01,30,1,12500,1
588,2023-01-20,11,2,27650,0
589,2023-01-01,30,1,14700,0
590,2023-01-01,30,1,30000,1
591,2023-01-01,30,1,40000,1
592,2023-01-23,8,2,20500,0
593,2023-01-14,17,2,39450,1
594,2023-01-01,30,1,17000,0
595,2023-01-01,30,2,22400,0
596,2023-01-01,30,1,21000,0
597,2023-01-22,9,3,15967,0
598,2023-01-01,30,1,37000,0
599,2023-01-29,2,2,19750,0
600,2023-01-15,16,2,21700,0
601,2023-01-31,0,20,20035,1
602,2023-01-18,13,4,19925,1
603,2023-01-01,30,1,19000,1
604,2023-01-01,30,1,25900,0
605,2023-01-26,5,5,25200,1
606,2023-01-01,30,1,42000,0
607,2023-01-02,29,3,27633,1
608,2023-01-20,11,2,30150,1
609,2023-01-22,9,2,33200,1
610,2023-01-11,20,4,33100,1
611,2023-01-01,30,1,29900,0
612,2023-01-01,30,1,11200,0
613,2023-01-31,0,15,23533,1
614,2023-01-01,30,1,18500,0
615,2023-01-01,30,1,25500,0
616,2023-01-08,23,2,18850,1
617,2023-01-01,30,1,22700,0
618,2023-01-24,7,3,40167,0
619,2023-01-16,15,2,26350,0
620,2023-01-28,3,3,70333,0
621,2023-01-18,13,2,18950,1
622,2023-01-01,30,1,19000,1
623,2023-01-01,30,1,16000,1
624,2023-01-31,0,2,24150,0
625,2023-01-28,3,3,31933,1
626,2023-01-31,0,9,27833,1
627,2023-01-08,23,2,21500,1
628,2023-01-24,7,2,59000,0
629,2023-01-01,30,1,13000,0
630,2023-01-01,30,1,51700,0
631,2023-01-09,22,2,51450,1
632,2023-01-03,28,2,19500,1
633,2023-01-01,30,1,18000,0
634,2023-01-01,30,1,37000,0
635,2023-01-01,30,1,20000,0
636,2023-01-13,18,2,16850,0
637,2023-01-01,30,1,20800,1
638,2023-01-01,30,1,38000,0
639,2023-01-01,30,1,14000,1
640,2023-01-01,30,1,25500,0
641,2023-01-22,9,4,45450,1
642,2023-01-22,9,2,31450,1
643,2023-01-01,30,1,10000,1
644,2023-01-01,30,2,34100,0
645,2023-01-20,11,2,22450,1
646,2023-01-03,28,2,22250,0
647,2023-01-01,30,1,21000,1
648,2023-01-29,2,5,38040,1
649,2023-01-08,23,2,35000,0
650,2023-01-08,23,2,45000,1
651,2023-01-09,22,2,27700,0
652,2023-01-10,21,2,26000,0
653,2023-01-20,11,7,21857,1
654,2023-01-04,27,4,18225,0
655,2023-01-28,3,2,24750,1
656,2023-01-22,9,3,33000,0
657,2023-01-23,8,2,19450,1
658,2023-01-01,30,1,34000,0
659,2023-01-01,30,1,14500,1
660,2023-01-28,3,2,77750,1
661,2023-01-01,30,1,35000,0
662,2023-01-30,1,4,18950,1
663,2023-01-01,30,1,26600,1
664,2023-01-13,18,4,23450,0
665,2023-01-27,4,2,12500,0
666,2023-01-14,17,3,22100,0
667,2023-01-01,30,1,25000,1
668,2023-01-14,17,3,18300,1
669,2023-01-01,30,1,11000,0
670,2023-01-23,8,3,16667,0
671,2023-01-25,6,10,19390,1
672,2023-01-01,30,1,19900,0
673,2023-01-01,30,3,108000,0
674,2023-01-01,30,1,40000,0
675,2023-01-01,30,1,20000,0
676,2023-01-31,0,23,37378,1
677,2023-01-08,23,2,34500,0
678,2023-01-07,24,2,14750,0
679,2023-01-01,30,1,27500,0
680,2023-01-28,3,5,18200,1
681,2023-01-02,29,2,18200,0
682,2023-01-07,24,4,21025,0
683,2023-01-01,30,1,13600,0
684,2023-01-01,30,1,25500,0
685,2023-01-15,16,2,25500,0
686,2023-01-08,23,3,18300,0
687,2023-01-01,30,1,15000,1
688,2023-01-01,30,2,55750,0
689,2023-01-31,0,2,25450,0
690,2023-01-01,30,1,13300,0
691,2023-01-01,30,1,13000,0
692,2023-01-01,30,1,21400,0
693,2023-01-01,30,1,38000,0
694,2023-01-01,30,1,38000,0
695,2023-01-30,1,7,18657,1
696,2023-01-01,30,2,32500,0
697,2023-01-02,29,2,36450,0
698,2023-01-01,30,1,16000,0
699,2023-01-28,3,4,27800,1
700,2023-01-01,30,3,22700,0
701,2023-01-01,30,1,32900,0
702,2023-01-01,30,1,20000,0
703,2023-01-01,30,1,87000,0
704,2023-01-01,30,2,20000,0
705,2023-01-05,26,2,29450,0
706,2023-01-28,3,3,26767,1
707,2023-01-01,30,1,29500,0
708,2023-01-01,30,1,25500,1
709,2023-01-25,6,3,26800,1
710,2023-01-29,2,2,36500,0
711,2023-01-09,22,3,23467,0
712,2023-01-01,30,1,22500,0
713,2023-01-01,30,1,16500,0
714,2023-01-30,1,4,21075,1
715,2023-01-01,30,1,25000,0
716,2023-01-01,30,1,23200,0
717,2023-01-30,1,6,21750,1
718,2023-01-13,18,3,22900,0
719,2023-01-01,30,2,36000,1
720,2023-01-26,5,6,32833,1
721,2023-01-09,22,2,19100,0
722,2023-01-01,30,1,34000,0
723,2023-01-01,30,1,20000,0
724,2023-01-31,0,2,13250,0
725,2023-01-01,30,1,24900,0
726,2023-01-01,30,1,12900,1
727,2023-01-01,30,1,28800,0
728,2023-01-01,30,1,19000,0
729,2023-01-01,30,1,25400,0
730,2023-01-24,7,2,30500,0
731,2023-01-05,26,2,17450,1
732,2023-01-01,30,1,21000,0
733,2023-01-01,30,1,20000,0
734,2023-01-01,30,1,23700,0
735,2023-01-08,23,2,25000,0
736,2023-01-30,1,3,22167,1
737,2023-01-24,7,2,9650,1
738,2023-01-29,2,4,21700,0
739,2023-01-01,30,1,18700,1
740,2023-01-02,29,3,54967,0
741,2023-01-01,30,1,22000,1
742,2023-01-31,0,27,23311,1
743,2023-01-01,30,1,14300,0
744,2023-01-01,30,1,25000,0
745,2023-01-01,30,1,29900,0
746,2023-01-01,30,1,79000,0
747,2023-01-28,3,2,14350,1
748,2023-01-21,10,5,30100,1
749,2023-01-01,30,1,17500,1
750,2023-01-01,30,1,9500,0
751,2023-01-30,1,6,23867,1
752,2023-01-05,26,2,20750,1
753,2023-01-01,30,1,24000,1
754,2023-01-31,0,3,29333,1
755,2023-01-01,30,1,18500,0
756,2023-01-22,9,4,36350,0
757,2023-01-01,30,2,56000,0
758,2023-01-01,30,1,13060,0
759,2023-01-01,30,1,21000,0
760,2023-01-17,14,2,22500,0
761,2023-01-06,25,3,24667,1
762,2023-01-24,7,4,17225,1
763,2023-01-01,30,2,10000,0
764,2023-01-01,30,1,19000,0
765,2023-01-22,9,2,40400,1
766,2023-01-01,30,1,25100,0
767,2023-01-14,17,3,17233,1
768,2023-01-03,28,2,47400,0
769,2023-01-25,6,3,33667,0
770,2023-01-27,4,2,17100,0
771,2023-01-07,24,2,48850,1
772,2023-01-25,6,5,19900,1
773,2023-01-15,16,3,20800,0
774,2023-01-24,7,2,26300,1
775,2023-01-12,19,2,23650,0
776,2023-01-02,29,2,25950,1
777,2023-01-29,2,3,26300,1
778,2023-01-01,30,1,24000,1
779,2023-01-01,30,1,20100,0
780,2023-01-22,9,3,26567,1
781,2023-01-01,30,5,42000,0
782,2023-01-01,30,1,28800,1
783,2023-01-29,2,2,19000,0
784,2023-01-27,4,5,20240,1
785,2023-01-01,30,1,21000,0
786,2023-01-01,30,1,12400,0
787,2023-01-06,25,2,18150,0
788,2023-01-01,30,1,14000,0
789,2023-01-01,30,1,30000,0
790,2023-01-01,30,1,43000,0
791,2023-01-16,15,2,16750,1
792,2023-01-30,1,5,27700,1
793,2023-01-01,30,1,26000,1
794,2023-01-01,30,1,23800,0
795,2023-01-25,6,3,16967,1
796,2023-01-24,7,2,51350,0
797,2023-01-03,28,3,33833,1
798,2023-01-01,30,1,34000,0
799,2023-01-05,26,2,28700,0
800,2023-01-28,3,9,41356,1
801,2023-01-01,30,1,27000,1
802,2023-01-01,30,1,22500,0
803,2023-01-06,25,2,56400,1
804,2023-01-01,30,1,27700,0
805,2023-01-01,30,1,32500,0
806,2023-01-01,30,1,40000,0
807,2023-01-29,2,7,22229,1
808,2023-01-01,30,1,8700,0
809,2023-01-01,30,2,18650,1
810,2023-01-28,3,11,16545,1
811,2023-01-27,4,2,24450,1
812,2023-01-01,30,1,25500,0
813,2023-01-01,30,1,22000,0
814,2023-01-05,26,2,34000,0
815,2023-01-30,1,2,27250,1
816,2023-01-28,3,5,18560,1
817,2023-01-01,30,1,30500,0
818,2023-01-01,30,1,20000,0
819,2023-01-01,30,1,28100,1
820,2023-01-01,30,1,19000,0
821,2023-01-01,30,1,39000,0
822,2023-01-26,5,5,20940,1
823,2023-01-29,2,2,39450,0
824,2023-01-01,30,1,21000,0
825,2023-01-01,30,1,15900,0
826,2023-01-01,30,1,58000,1
827,2023-01-08,23,4,32525,0
828,2023-01-28,3,2,32150,0
829,2023-01-13,18,4,20075,0
830,2023-01-01,30,3,11667,0
831,2023-01-01,30,1,68000,1
832,2023-01-01,30,1,47000,1
833,2023-01-01,30,1,43400,0
834,2023-01-01,30,2,18650,0
835,2023-01-29,2,3,24433,1
836,2023-01-28,3,3,34000,0
837,2023-01-15,16,3,18733,0
838,2023-01-01,30,1,30000,0
839,2023-01-01,30,1,25000,0
840,2023-01-01,30,1,19500,0
841,2023-01-22,9,3,23033,1
842,2023-01-06,25,2,10650,0
843,2023-01-14,17,2,28000,0
844,2023-01-31,0,10,16510,1
845,2023-01-09,22,3,34833,0
846,2023-01-01,30,1,31000,0
847,2023-01-15,16,5,31900,0
848,2023-01-01,30,1,26000,1
849,2023-01-01,30,1,15900,0
850,2023-01-01,30,1,22900,0
851,2023-01-01,30,1,33000,1
852,2023-01-01,30,1,48000,0
853,2023-01-01,30,1,19000,1
854,2023-01-01,30,1,21800,1
855,2023-01-01,30,1,28200,0
856,2023-01-28,3,2,18000,0
857,2023-01-01,30,1,30000,0
858,2023-01-01,30,1,61000,0
859,2023-01-24,7,3,40800,1
860,2023-01-01,30,1,40000,0
861,2023-01-01,30,1,29900,1
862,2023-01-01,30,1,27900,0
863,2023-01-01,30,1,11000,0
864,2023-01-01,30,1,31000,0
865,2023-01-13,18,2,30000,1
866,2023-01-26,5,2,22500,1
867,2023-01-01,30,1,21500,0
868,2023-01-01,30,1,17500,1
869,2023-01-23,8,2,14900,1
870,2023-01-01,30,1,14000,0
871,2023-01-01,30,1,31500,1
872,2023-01-31,0,7,33786,1
873,2023-01-18,13,2,20750,0
874,2023-01-03,28,2,22500,0
875,2023-01-01,30,1,23000,0
876,2023-01-01,30,1,25000,0
877,2023-01-01,30,1,36000,0
878,2023-01-29,2,4,35675,1
879,2023-01-01,30,1,25000,0
880,2023-01-05,26,4,14500,0
881,2023-01-05,26,3,21700,0
882,2023-01-06,25,2,15700,0
883,2023-01-11,20,6,21233,0
884,2023-01-01,30,1,25000,0
885,2023-01-29,2,3,28500,0
886,2023-01-01,30,1,14000,1
887,2023-01-01,30,1,28400,0
888,2023-01-16,15,3,22667,0
889,2023-01-30,1,4,19700,1
890,2023-01-01,30,1,23500,0
891,2023-01-01,30,1,52000,0
892,2023-01-01,30,1,27400,0
893,2023-01-01,30,1,29000,1
894,2023-01-01,30,1,20000,0
895,2023-01-01,30,1,22500,1
896,2023-01-23,8,5,30900,0
897,2023-01-22,9,3,17967,0
898,2023-01-21,10,4,18675,0
899,2023-01-24,7,4,19350,1
900,2023-01-01,30,1,17000,0
901,2023-01-30,1,7,30429,1
902,2023-01-01,30,1,50000,0
903,2023-01-01,30,2,21150,0
904,2023-01-01,30,1,41900,0
905,2023-01-01,30,1,17900,0
906,2023-01-01,30,1,26000,1
907,2023-01-28,3,2,22000,0
908,2023-01-01,30,1,32800,0
909,2023-01-01,30,1,24900,0
910,2023-01-23,8,3,21467,0
911,2023-01-28,3,2,35350,0
912,2023-01-27,4,3,17667,0
913,2023-01-15,16,2,23350,0
914,2023-01-22,9,6,16683,0
915,2023-01-23,8,4,23625,0
916,2023-01-01,30,1,19000,1
917,2023-01-07,24,5,19580,0
918,2023-01-03,28,2,27950,0
919,2023-01-01,30,1,245000,0
920,2023-01-29,2,9,19778,1
921,2023-01-01,30,1,17300,0
922,2023-01-29,2,4,19125,1
923,2023-01-13,18,3,43500,0
924,2023-01-01,30,1,29300,0
925,2023-01-01,30,1,17900,1
926,2023-01-01,30,1,40000,1
927,2023-01-01,30,1,32500,0
928,2023-01-20,11,2,36700,0
929,2023-01-01,30,1,8600,0
930,2023-01-01,30,1,9500,0
931,2023-01-10,21,3,15667,0
932,2023-01-01,30,1,39000,0
933,2023-01-01,30,1,25700,0
934,2023-01-01,30,1,14700,0
935,2023-01-01,30,1,20900,0
936,2023-01-03,28,2,28000,1
937,2023-01-05,26,2,28850,0
938,2023-01-01,30,1,14500,0
939,2023-01-01,30,2,32400,0
940,2023-01-01,30,1,14700,0
941,2023-01-01,30,1,37400,0
942,2023-01-01,30,1,24000,0
943,2023-01-08,23,2,23650,1
944,2023-01-01,30,1,12500,1
945,2023-01-31,0,16,26275,1
946,2023-01-15,16,2,36050,1
947,2023-01-30,1,10,21310,1
948,2023-01-15,16,2,24500,1
949,2023-01-28,3,3,22333,1
950,2023-01-22,9,2,19000,0
951,2023-01-01,30,1,20900,0
952,2023-01-27,4,2,23700,0
953,2023-01-01,30,1,17000,0
954,2023-01-01,30,1,21000,1
955,2023-01-18,13,2,19000,1
956,2023-01-27,4,5,27000,1
957,2023-01-08,23,3,21800,0
958,2023-01-23,8,5,52160,0
959,2023-01-01,30,1,33900,1
960,2023-01-01,30,1,46400,0
961,2023-01-14,17,3,35600,1
962,2023-01-01,30,2,42500,0
963,2023-01-01,30,1,13900,0
964,2023-01-01,30,1,11300,1
965,2023-01-24,7,3,28467,0
966,2023-01-28,3,3,28300,1
967,2023-01-15,16,2,23600,1
968,2023-01-01,30,1,33900,0
969,2023-01-23,8,3,23667,1
970,2023-01-01,30,1,22900,1
971,2023-01-13,18,3,17500,1
972,2023-01-01,30,1,39000,1
973,2023-01-01,30,1,17000,0
974,2023-01-01,30,1,19000,0
975,2023-01-16,15,5,14000,1
976,2023-01-01,30,1,39000,0
977,2023-01-31,0,25,18116,1
978,2023-01-24,7,3,17333,0
979,2023-01-11,20,2,21500,1
980,2023-01-01,30,1,30000,0
981,2023-01-01,30,1,17400,0
982,2023-01-01,30,1,25900,0
983,2023-01-14,17,2,33950,0
984,2023-01-26,5,3,25333,1
985,2023-01-01,30,1,28000,0
986,2023-01-01,30,1,28500,0
987,2023-01-05,26,2,16500,0
988,2023-01-07,24,2,33300,1
989,2023-01-01,30,1,23900,0
990,2023-01-01,30,1,55000,1
991,2023-01-29,2,3,32333,0
992,2023-01-07,24,2,25450,1
993,2023-01-01,30,1,29300,0
994,2023-01-28,3,3,25967,0
995,2023-01-01,30,1,35000,1
996,2023-01-02,29,3,31000,1
997,2023-01-30,1,2,16450,1
998,2023-01-01,30,1,13600,0
999,2023-01-01,30,1,14200,1
1000,2023-01-27,4,2,24250,0