mem_no,part_date,order_amount
1,2023-01-13,30580
2,2023-01-10,31294
3,2023-01-16,28260
4,2023-01-01,40580
4,2023-06-23,17240
4,2023-02-04,42930
4,2023-02-24,40420
4,2023-01-26,19770
4,2023-02-09,39470
5,2023-01-27,27150
5,2023-02-07,20240
6,2023-01-24,25980
6,2023-01-15,32670
7,2023-03-14,28170
7,2023-01-24,10940
7,2023-03-19,11150
7,2023-05-14,10270
7,2023-06-23,16850
7,2023-03-14,27370
8,2023-01-28,34620
9,2023-04-13,21960
9,2023-05-28,11090
9,2023-03-03,27580
9,2023-07-27,21040
9,2023-07-20,29150
9,2023-08-07,48050
9,2023-03-09,28150
9,2023-06-11,34050
9,2023-01-14,26450
9,2023-04-22,17180
9,2023-01-16,16530
9,2023-01-15,26250
9,2023-07-23,27233
9,2023-08-20,33750
9,2023-07-29,22270
9,2023-08-05,37460
9,2023-06-24,36540
9,2023-03-25,32258
9,2023-07-22,22310
9,2023-07-09,20450
10,2023-02-15,11280
10,2023-02-11,17070
10,2023-01-13,46150
10,2023-02-17,27070
10,2023-02-01,15480
10,2023-01-27,25360
10,2023-01-13,14620
10,2023-01-27,39440
10,2023-02-21,30300
10,2023-08-04,20550
11,2023-01-31,16320
12,2023-01-07,25760
13,2023-01-08,48230
14,2023-01-12,20960
14,2023-06-10,44590
15,2023-01-26,20150
16,2023-02-07,22730
16,2023-05-27,51100
16,2023-01-21,31430
16,2023-01-30,22650
16,2023-07-10,50870
16,2023-01-02,22870
16,2023-01-12,18310
16,2023-01-05,15580
16,2023-01-14,27760
16,2023-01-09,32550
17,2023-08-25,31480
17,2023-05-20,50730
17,2023-01-14,33450
17,2023-03-07,51192
17,2023-01-29,30090
17,2023-05-04,40480
18,2023-01-24,28980
19,2023-04-27,23050
19,2023-08-14,16900
19,2023-01-14,20470
19,2023-01-09,53080
19,2023-08-28,31310
19,2023-01-20,91980
19,2023-05-11,20360
20,2023-01-29,15960
21,2023-01-29,36500
21,2023-04-12,28350
21,2023-06-21,41050
21,2023-05-25,11642
21,2023-02-20,30870
21,2023-02-18,33360
21,2023-02-01,35500
21,2023-02-21,33530
21,2023-07-20,15210
21,2023-06-23,42010
21,2023-06-07,46050
21,2023-08-03,15370
21,2023-06-24,42740
21,2023-02-04,30310
21,2023-02-17,30850
21,2023-05-21,13080
21,2023-08-06,15940
21,2023-06-02,40960
21,2023-05-01,44590
21,2023-02-27,20460
21,2023-08-04,40190
21,2023-05-09,41190
21,2023-06-15,40190
21,2023-07-26,16750
21,2023-05-15,45350
21,2023-03-23,23610
21,2023-02-15,30692
21,2023-07-15,15330
21,2023-07-23,18520
21,2023-04-26,41120
21,2023-07-19,16250
21,2023-02-28,30710
21,2023-04-23,18360
21,2023-08-15,42690
21,2023-05-27,10540
21,2023-04-15,22470
21,2023-06-10,45710
21,2023-07-03,40710
21,2023-07-27,20090
21,2023-05-23,48850
21,2023-06-13,40435
21,2023-05-26,43360
21,2023-03-16,40920
21,2023-03-21,14890
21,2023-02-19,31050
21,2023-08-06,40850
21,2023-07-25,16970
21,2023-02-21,31320
21,2023-05-16,41690
21,2023-08-12,40650
21,2023-06-29,40913
21,2023-06-05,45130
21,2023-04-26,43830
21,2023-03-17,41320
21,2023-05-12,41800
21,2023-03-18,44230
21,2023-04-21,40890
21,2023-07-24,20390
21,2023-08-18,41210
21,2023-08-20,26640
21,2023-07-21,15970
21,2023-03-21,40940
21,2023-06-13,41990
21,2023-02-26,31720
21,2023-07-01,40500
21,2023-02-20,15020
21,2023-02-24,33640
21,2023-08-13,20330
21,2023-02-09,12650
21,2023-02-01,37050
21,2023-06-01,21460
21,2023-03-01,40240
21,2023-05-20,45610
21,2023-02-04,64610
21,2023-04-27,41520
21,2023-05-17,43150
22,2023-01-22,50060
22,2023-08-21,40970
22,2023-01-12,56570
23,2023-01-12,17980
23,2023-01-27,12080
24,2023-01-27,28080
24,2023-01-14,39500
24,2023-01-29,35730
24,2023-01-15,31300
24,2023-02-11,40400
24,2023-06-10,36830
24,2023-07-30,31280
24,2023-06-22,43880
24,2023-08-12,41990
24,2023-05-07,41020
24,2023-02-25,20960
24,2023-07-22,24210
24,2023-04-08,44410
24,2023-04-02,23030
25,2023-01-03,15890
25,2023-01-16,15680
25,2023-01-26,18340
25,2023-01-07,15730
26,2023-01-12,32100
27,2023-01-18,37970
28,2023-04-28,61910
28,2023-06-13,61860
28,2023-01-27,62260
28,2023-07-23,50480
28,2023-03-21,51340
28,2023-01-28,48180
28,2023-02-06,33150
28,2023-08-02,40230
28,2023-04-24,50810
28,2023-08-10,45540
28,2023-01-30,71670
28,2023-08-04,41650
28,2023-03-14,41820
28,2023-04-14,53620
28,2023-08-22,41659
28,2023-07-09,78710
28,2023-08-08,43130
28,2023-06-08,42220
28,2023-02-10,25330
28,2023-05-09,40966
28,2023-07-27,38220
28,2023-04-10,48420
28,2023-07-20,40060
28,2023-04-13,72360
28,2023-07-11,62730
28,2023-02-03,32250
29,2023-01-21,31930
29,2023-01-21,22550
30,2023-08-02,23550
30,2023-01-04,30660
31,2023-01-30,10370
31,2023-03-18,15260
31,2023-04-30,14360
31,2023-04-23,12030
31,2023-06-09,10380
31,2023-05-28,10060
31,2023-02-15,10070
32,2023-01-13,22470
33,2023-01-17,16660
33,2023-01-20,28920
34,2023-01-10,17400
35,2023-02-21,56220
35,2023-01-14,20970
35,2023-02-27,46250
35,2023-06-03,67110
36,2023-01-08,15570
37,2023-04-15,38770
37,2023-02-09,38510
37,2023-02-26,16970
37,2023-03-02,22500
37,2023-03-21,22730
37,2023-05-11,31720
37,2023-02-19,16300
37,2023-03-01,61910
37,2023-02-05,31060
37,2023-05-29,14380
37,2023-01-22,28320
37,2023-04-03,11270
37,2023-04-17,11730
37,2023-06-01,42240
37,2023-02-11,23070
37,2023-02-17,27700
37,2023-01-06,42600
37,2023-05-24,64940
37,2023-06-07,22890
37,2023-06-06,24610
37,2023-02-01,19960
37,2023-01-05,13850
37,2023-08-18,25180
37,2023-03-23,14030
37,2023-06-11,20800
37,2023-05-21,43090
37,2023-06-14,21350
37,2023-04-19,23130
37,2023-08-15,26960
37,2023-07-28,44560
37,2023-03-03,29460
37,2023-06-18,14590
37,2023-05-24,48100
37,2023-01-03,38730
37,2023-01-10,16420
37,2023-02-07,36310
37,2023-02-16,10680
37,2023-07-17,29520
37,2023-01-15,51060
37,2023-02-18,20100
37,2023-01-19,15960
37,2023-01-01,10860
37,2023-07-23,34710
37,2023-01-07,16720
37,2023-04-28,25040
37,2023-02-26,21830
37,2023-07-10,16040
37,2023-01-29,16490
37,2023-06-24,17130
37,2023-04-08,45430
37,2023-03-17,32000
37,2023-06-19,23060
37,2023-06-04,34340
37,2023-06-10,15950
37,2023-04-19,11390
37,2023-06-26,21320
37,2023-04-09,21600
37,2023-01-30,10080
37,2023-07-15,32390
37,2023-02-15,11360
37,2023-05-06,12950
37,2023-03-18,21390
37,2023-06-04,31780
37,2023-07-03,30900
37,2023-02-22,11800
37,2023-06-23,31650
37,2023-01-16,12770
37,2023-07-01,13780
37,2023-06-21,41450
37,2023-05-05,18600
37,2023-07-11,44550
37,2023-03-25,17860
37,2023-07-16,19520
37,2023-02-12,11360
37,2023-08-19,40870
37,2023-08-19,15130
37,2023-05-06,12550
37,2023-08-07,42790
37,2023-05-28,16010
37,2023-01-09,38270
37,2023-03-01,10820
37,2023-03-12,12300
37,2023-06-16,57130
37,2023-08-13,33400
37,2023-08-14,28880
37,2023-01-01,26200
37,2023-03-12,13890
37,2023-02-21,15150
37,2023-03-29,35290
37,2023-07-13,15360
37,2023-05-12,26200
37,2023-05-21,10480
37,2023-06-25,20280
37,2023-04-03,13740
37,2023-04-23,11850
37,2023-06-10,19710
37,2023-03-12,33450
37,2023-06-18,21610
37,2023-01-20,12260
37,2023-02-02,14470
37,2023-03-05,31400
37,2023-07-01,68580
37,2023-05-19,14530
37,2023-07-06,31630
37,2023-06-16,33330
37,2023-07-03,37280
38,2023-01-02,19830
39,2023-01-14,21370
40,2023-01-19,16480
41,2023-01-14,18990
41,2023-02-12,16430
41,2023-01-20,30760
42,2023-01-05,20390
43,2023-05-13,42990
43,2023-01-26,35660
43,2023-07-08,42080
43,2023-08-24,43500
43,2023-01-02,21370
43,2023-07-09,43500
43,2023-04-21,42170
43,2023-01-11,23360
43,2023-02-20,39430
44,2023-01-19,28660
45,2023-01-16,17090
46,2023-02-13,30320
46,2023-01-20,26310
47,2023-01-27,19680
48,2023-01-14,47400
49,2023-01-06,31450
50,2023-02-06,15150
50,2023-02-16,12450
50,2023-01-20,32220
50,2023-01-15,31030
51,2023-01-07,25090
51,2023-04-23,40360
51,2023-07-09,46780
52,2023-03-25,56700
52,2023-01-14,63010
52,2023-07-31,62870
52,2023-07-03,51920
52,2023-08-13,60150
52,2023-05-03,61750
53,2023-01-08,15580
54,2023-01-10,31080
54,2023-01-11,33910
55,2023-01-09,21840
56,2023-02-03,45520
56,2023-01-03,52500
56,2023-05-14,43840
57,2023-01-18,16150
57,2023-05-29,13880
57,2023-06-21,12840
58,2023-01-26,31910
59,2023-02-05,55390
59,2023-02-11,30910
59,2023-01-31,37690
59,2023-02-06,50310
59,2023-02-18,33130
60,2023-03-26,20970
60,2023-05-05,16590
60,2023-01-08,33560
61,2023-01-16,31090
62,2023-02-01,47960
62,2023-07-20,50410
62,2023-04-04,44500
62,2023-01-04,30970
62,2023-08-13,43960
62,2023-05-21,50940
62,2023-07-04,62000
62,2023-08-14,61360
62,2023-04-20,43440
62,2023-01-29,43960
62,2023-04-24,44520
62,2023-06-14,87120
62,2023-07-11,51810
62,2023-03-25,62340
62,2023-07-31,45960
62,2023-02-06,59970
62,2023-07-31,66070
62,2023-08-18,76480
62,2023-04-10,55610
62,2023-04-12,51660
62,2023-07-21,51120
62,2023-02-18,69240
62,2023-05-29,48730
62,2023-05-18,60250
62,2023-04-11,50040
62,2023-03-19,37930
62,2023-07-14,66480
62,2023-04-16,40500
62,2023-06-02,60670
62,2023-07-16,67300
62,2023-02-04,52920
62,2023-04-08,41880
63,2023-01-09,34640
64,2023-06-25,40160
64,2023-03-18,28810
64,2023-08-12,41770
64,2023-05-18,69500
64,2023-07-29,53150
64,2023-05-20,43940
64,2023-07-16,44720
64,2023-08-26,87910
64,2023-06-11,26900
64,2023-01-23,23580
64,2023-04-07,67850
64,2023-05-14,19810
64,2023-04-29,33180
64,2023-04-22,28050
64,2023-08-12,22580
64,2023-04-28,48190
64,2023-07-12,43580
64,2023-02-17,34900
64,2023-03-10,21630
64,2023-02-20,34230
64,2023-06-29,21730
64,2023-02-25,36810
64,2023-03-01,15860
64,2023-08-25,49460
64,2023-02-05,25960
64,2023-03-25,32010
64,2023-02-16,13400
64,2023-06-10,32860
64,2023-02-21,13270
64,2023-06-11,41050
64,2023-02-04,38060
64,2023-05-07,21520
64,2023-04-18,31530
64,2023-06-13,43250
64,2023-06-03,33800
64,2023-04-22,31780
64,2023-03-12,22900
64,2023-04-23,104340
64,2023-02-02,46740
64,2023-02-11,20960
64,2023-05-06,12380
64,2023-05-15,40250
64,2023-07-16,42900
64,2023-03-01,32500
64,2023-01-23,71240
64,2023-03-04,33190
64,2023-07-16,46340
64,2023-07-04,43080
64,2023-03-07,19630
64,2023-06-03,54970
64,2023-08-06,26750
64,2023-06-10,22450
64,2023-01-24,23420
64,2023-02-04,77150
64,2023-01-22,54350
64,2023-04-01,38000
64,2023-05-05,45440
64,2023-02-18,41370
64,2023-06-17,44530
64,2023-05-21,34690
64,2023-07-20,40710
64,2023-08-19,63390
64,2023-08-25,42270
64,2023-08-19,42810
64,2023-07-11,40540
64,2023-04-21,27740
64,2023-01-21,22170
64,2023-08-19,45200
64,2023-02-14,41510
64,2023-07-06,40840
64,2023-02-20,28090
64,2023-04-30,43480
64,2023-02-18,33380
64,2023-05-20,16000
64,2023-04-23,91980
64,2023-08-15,52390
64,2023-05-06,28190
64,2023-01-24,37760
64,2023-06-06,32810
64,2023-02-11,30310
64,2023-08-17,43150
64,2023-04-14,25230
65,2023-01-11,13980
66,2023-01-07,33080
67,2023-01-20,20010
68,2023-07-30,42030
68,2023-01-01,23040
68,2023-07-29,18730
69,2023-01-27,21180
70,2023-05-14,36250
70,2023-05-13,16615
70,2023-02-23,19450
70,2023-06-04,40780
70,2023-04-02,65000
70,2023-03-11,17180
70,2023-03-08,29720
70,2023-01-31,16130
70,2023-02-22,17230
70,2023-04-09,45000
71,2023-01-20,24690
71,2023-08-16,41240
71,2023-01-31,31620
72,2023-01-02,10500
73,2023-04-22,16070
73,2023-08-20,15780
73,2023-04-23,11050
73,2023-03-19,11780
73,2023-01-05,15140
73,2023-01-28,15350
73,2023-01-23,16230
73,2023-01-21,19020
73,2023-05-28,12970
73,2023-01-22,15350
73,2023-01-01,16370
73,2023-06-10,23660
74,2023-01-23,24030
75,2023-01-15,15340
76,2023-08-25,19430
76,2023-01-15,17450
76,2023-02-12,1515400
76,2023-01-11,55230
76,2023-02-19,143830
76,2023-02-14,10510
76,2023-02-12,52410
76,2023-01-13,19330
77,2023-01-08,33050
78,2023-01-22,28280
78,2023-03-01,16850
78,2023-01-06,17630
78,2023-03-26,35900
78,2023-04-11,17760
78,2023-01-17,16170
78,2023-01-19,16260
79,2023-01-31,32230
80,2023-01-17,15790
80,2023-01-11,16070
80,2023-04-23,23880
80,2023-01-05,15080
81,2023-07-22,17150
81,2023-07-28,25660
81,2023-07-04,15760
81,2023-07-22,23690
81,2023-07-22,15190
81,2023-08-01,20080
81,2023-01-16,15090
81,2023-07-28,15850
82,2023-07-04,50150
82,2023-06-01,52390
82,2023-01-11,26310
82,2023-05-09,50240
82,2023-02-16,30170
82,2023-04-09,50820
82,2023-02-02,52610
82,2023-07-21,61090
82,2023-08-17,60990
82,2023-03-17,60126
82,2023-01-13,30370
82,2023-01-29,25393
82,2023-02-08,40380
82,2023-01-25,17950
83,2023-01-31,27440
83,2023-02-13,20930
83,2023-05-01,63270
83,2023-07-07,42530
83,2023-02-04,23030
83,2023-06-27,41930
83,2023-04-07,41700
83,2023-03-10,53230
84,2023-01-23,24580
85,2023-01-25,40300
85,2023-01-20,33300
85,2023-01-20,30110
86,2023-01-22,30410
87,2023-01-29,17220
87,2023-03-12,17980
87,2023-05-27,20210
88,2023-01-25,15890
89,2023-01-25,48640
89,2023-08-06,70570
89,2023-03-05,42300
89,2023-02-23,41820
89,2023-04-18,50560
89,2023-01-28,36470
89,2023-05-29,41260
89,2023-02-14,32650
89,2023-01-08,38600
89,2023-03-07,41380
89,2023-05-24,62540
89,2023-03-13,41970
89,2023-01-14,29230
89,2023-07-31,60340
89,2023-04-14,40940
89,2023-01-12,24170
89,2023-02-16,40160
89,2023-03-30,50130
89,2023-04-28,61160
89,2023-03-17,41150
89,2023-03-27,40170
89,2023-01-16,33300
89,2023-08-27,30950
89,2023-04-03,48560
89,2023-02-06,51170
89,2023-02-25,38320
89,2023-03-02,52300
89,2023-02-01,36050
89,2023-01-01,45230
89,2023-02-21,33160
89,2023-03-10,41580
89,2023-07-05,51950
89,2023-03-24,63870
89,2023-02-09,36330
89,2023-04-08,60590
90,2023-06-06,35740
90,2023-06-10,67360
90,2023-01-12,35970
90,2023-05-14,63240
90,2023-05-09,111680
90,2023-07-04,54740
90,2023-08-13,70970
90,2023-03-01,74490
90,2023-08-08,41330
90,2023-01-05,43830
90,2023-04-02,70870
91,2023-01-08,25130
92,2023-01-06,17180
92,2023-01-02,24680
92,2023-01-17,27960
92,2023-07-23,42270
92,2023-04-26,40060
92,2023-01-23,15360
92,2023-01-03,26240
92,2023-07-04,43770
92,2023-05-02,40370
92,2023-05-22,15770
92,2023-05-17,42150
92,2023-08-08,61080
92,2023-06-06,17970
92,2023-02-26,30450
92,2023-01-30,19760
93,2023-01-17,10780
94,2023-01-10,33560
94,2023-02-09,30370
95,2023-04-02,26990
95,2023-02-19,19360
95,2023-04-22,25880
95,2023-01-21,22760
95,2023-08-23,34970
95,2023-06-20,28960
95,2023-02-11,21570
96,2023-01-28,40070
96,2023-01-10,30750
96,2023-08-27,52040
96,2023-08-10,42790
96,2023-02-25,55330
97,2023-01-22,18670
98,2023-01-29,22590
99,2023-01-27,20060
100,2023-01-12,26550
101,2023-06-06,43370
101,2023-03-25,18470
101,2023-05-11,44970
101,2023-01-17,18080
102,2023-01-18,20970
103,2023-01-03,34410
103,2023-03-14,14920
104,2023-05-01,36770
104,2023-02-13,16530
104,2023-03-02,20730
104,2023-08-04,23480
104,2023-01-22,26250
104,2023-08-06,20950
104,2023-01-25,15530
105,2023-01-06,39150
105,2023-07-03,48200
105,2023-03-21,20770
105,2023-02-02,12180
105,2023-05-11,22880
105,2023-01-25,39620
105,2023-03-21,19920
105,2023-03-09,30960
106,2023-01-05,35770
107,2023-01-08,35170
108,2023-01-13,24430
108,2023-07-17,16750
108,2023-01-25,43740
108,2023-07-01,14780
108,2023-03-29,10380
108,2023-01-12,26470
109,2023-01-21,22050
110,2023-03-22,15370
110,2023-04-01,10470
110,2023-06-30,11990
110,2023-08-01,15660
110,2023-06-01,12670
110,2023-07-25,24770
110,2023-02-25,15340
110,2023-01-29,31530
110,2023-02-11,30240
110,2023-08-07,17720
110,2023-03-10,12470
110,2023-03-15,27550
110,2023-04-28,13360
111,2023-01-05,32370
112,2023-01-14,35460
113,2023-03-27,51430
113,2023-02-22,36740
113,2023-01-22,23210
113,2023-05-14,28890
113,2023-03-03,61530
113,2023-06-02,63780
113,2023-06-07,29070
113,2023-07-28,32350
113,2023-06-11,52230
113,2023-05-24,40930
114,2023-01-22,20730
114,2023-07-17,43591
115,2023-06-19,14560
115,2023-01-29,15990
116,2023-01-28,24610
116,2023-07-27,41400
117,2023-01-27,44710
118,2023-02-26,31630
118,2023-05-20,43270
118,2023-06-01,45660
118,2023-01-03,31060
119,2023-01-18,10030
120,2023-01-28,24950
121,2023-01-10,37660
122,2023-01-02,30760
123,2023-01-12,17040
123,2023-01-07,15750
123,2023-02-03,16270
124,2023-03-07,23270
124,2023-01-01,17270
125,2023-05-31,19430
125,2023-03-27,56550
125,2023-05-02,51020
125,2023-04-26,57940
125,2023-05-06,60120
125,2023-01-25,51260
125,2023-07-15,56480
125,2023-01-28,46480
125,2023-04-05,50330
125,2023-07-03,60450
125,2023-05-28,61140
125,2023-04-15,53390
125,2023-02-16,40480
125,2023-04-07,55130
125,2023-06-06,21580
126,2023-05-12,51790
126,2023-03-28,54400
126,2023-08-28,53000
126,2023-01-24,24450
126,2023-08-15,40560
126,2023-03-08,59640
126,2023-05-30,50650
126,2023-01-31,44770
126,2023-07-17,51730
126,2023-02-26,40660
126,2023-03-17,63680
126,2023-06-28,51780
126,2023-06-04,41230
126,2023-03-31,51470
126,2023-05-17,51970
126,2023-06-14,62670
126,2023-05-06,50520
126,2023-02-28,43460
127,2023-04-09,48280
127,2023-01-24,15290
127,2023-07-09,18830
127,2023-04-29,17800
128,2023-01-27,39170
128,2023-04-24,17190
128,2023-07-13,40690
128,2023-03-31,41530
128,2023-08-17,40786
128,2023-04-16,40850
128,2023-08-27,42490
128,2023-07-17,20270
128,2023-06-20,52460
128,2023-05-31,44570
128,2023-07-09,44650
128,2023-05-17,40330
128,2023-02-19,62850
128,2023-06-05,41980
128,2023-01-15,39950
128,2023-03-18,40820
128,2023-06-18,87120
128,2023-07-29,43630
128,2023-05-29,42470
128,2023-05-12,40880
128,2023-07-16,40150
128,2023-07-02,40130
128,2023-08-13,46000
128,2023-07-04,40880
128,2023-04-23,41780
128,2023-06-13,20150
128,2023-05-05,56720
128,2023-07-27,48360
128,2023-07-31,42400
128,2023-07-26,51570
128,2023-06-08,53880
128,2023-07-01,37420
128,2023-04-24,43120
128,2023-07-23,21470
128,2023-05-24,43840
129,2023-01-25,30950
130,2023-02-02,30950
130,2023-01-24,44390
130,2023-01-19,54370
131,2023-01-14,12050
131,2023-01-26,16000
131,2023-01-16,16730
131,2023-01-31,15960
131,2023-02-27,15200
132,2023-01-13,19060
132,2023-01-15,25070
132,2023-05-29,42100
132,2023-07-03,21130
133,2023-02-07,15370
133,2023-01-16,21450
133,2023-03-04,16510
134,2023-01-27,31140
134,2023-01-17,55860
134,2023-01-21,19760
135,2023-03-17,43470
135,2023-04-11,19370
135,2023-01-26,16970
136,2023-01-24,21120
137,2023-01-20,13110
138,2023-01-06,33890
138,2023-02-27,36960
138,2023-01-18,19060
139,2023-01-22,20610
140,2023-03-07,23060
140,2023-02-19,30440
140,2023-02-11,27700
140,2023-01-13,37172
140,2023-03-01,16780
140,2023-04-16,24250
140,2023-01-27,41890
140,2023-03-31,16470
140,2023-01-23,19820
140,2023-01-25,35570
140,2023-07-26,24900
140,2023-07-04,44640
141,2023-01-08,39020
142,2023-01-15,30640
142,2023-01-20,30940
143,2023-07-21,17310
143,2023-01-15,20580
143,2023-07-16,30810
143,2023-07-30,21860
143,2023-08-09,32760
143,2023-01-25,15630
143,2023-08-09,24330
143,2023-01-31,16200
143,2023-01-17,16240
143,2023-07-19,17250
143,2023-07-20,19210
143,2023-07-24,35610
143,2023-08-04,30940
143,2023-01-09,28070
143,2023-07-16,45660
143,2023-07-16,35880
143,2023-08-03,40380
143,2023-01-10,27070
143,2023-07-22,43110
143,2023-01-16,23960
143,2023-01-10,16140
143,2023-01-29,19270
143,2023-07-16,61590
143,2023-07-21,19370
143,2023-07-16,43480
144,2023-08-11,40450
144,2023-05-27,42100
144,2023-05-12,48400
144,2023-04-18,40000
144,2023-07-30,44030
144,2023-05-20,40710
144,2023-07-01,52370
144,2023-07-21,51170
144,2023-01-14,15000
144,2023-06-24,35640
144,2023-08-25,19240
144,2023-06-03,67150
144,2023-03-12,29730
144,2023-03-01,27000
144,2023-04-24,11170
144,2023-03-18,10160
144,2023-03-24,40310
144,2023-05-13,40530
144,2023-02-05,19760
144,2023-04-13,18880
144,2023-04-19,54400
144,2023-07-14,50480
144,2023-06-17,40370
144,2023-07-28,43100
144,2023-03-13,13980
144,2023-05-24,42380
144,2023-03-31,51950
144,2023-07-07,67360
144,2023-03-28,11950
144,2023-01-22,37280
144,2023-08-15,40250
145,2023-04-30,43810
145,2023-02-11,33950
145,2023-01-21,50450
145,2023-04-02,42100
145,2023-05-21,40540
145,2023-01-14,38760
146,2023-06-15,15360
146,2023-02-18,20470
146,2023-07-16,24780
146,2023-06-18,19360
146,2023-08-18,18070
146,2023-01-15,32960
147,2023-01-31,16660
148,2023-01-04,20100
148,2023-01-24,10080
148,2023-02-07,10030
148,2023-08-14,16130
149,2023-01-15,33360
150,2023-01-11,30980
150,2023-01-11,17450
151,2023-02-01,10030
151,2023-01-25,10150
151,2023-02-21,10430
151,2023-03-19,10040
151,2023-02-14,10210
151,2023-03-10,10040
152,2023-03-12,40720
152,2023-07-02,40020
152,2023-05-28,40840
152,2023-01-10,17010
152,2023-04-09,40380
152,2023-05-01,40040
153,2023-01-18,20150
154,2023-01-07,21510
154,2023-01-28,18670
154,2023-01-21,15180
154,2023-01-09,15510
155,2023-01-08,19170
155,2023-02-19,19402
155,2023-03-01,26270
155,2023-08-06,17990
156,2023-08-05,17920
156,2023-01-27,15430
157,2023-01-28,17980
157,2023-04-22,28650
158,2023-03-14,49410
158,2023-04-21,56860
158,2023-03-07,41970
158,2023-02-02,42730
158,2023-01-03,17060
158,2023-02-22,44330
158,2023-01-02,30170
158,2023-01-28,27110
158,2023-07-05,41844
158,2023-01-12,29130
158,2023-05-02,40210
158,2023-03-02,43930
158,2023-05-24,40318
158,2023-03-27,41861
158,2023-01-24,16430
158,2023-04-03,41360
158,2023-02-05,40140
158,2023-01-13,15760
158,2023-05-17,55110
158,2023-02-08,33650
158,2023-02-15,33740
158,2023-03-23,51450
158,2023-01-10,37620
159,2023-01-01,10650
160,2023-07-17,56660
160,2023-01-02,24670
160,2023-01-01,76000
160,2023-06-27,18460
160,2023-06-29,40510
160,2023-01-02,30770
160,2023-07-23,45260
160,2023-07-16,45100
160,2023-07-02,23950
160,2023-07-03,40030
160,2023-06-27,40170
160,2023-07-01,50170
160,2023-07-29,43400
160,2023-07-26,43740
160,2023-06-23,15030
160,2023-08-07,21450
160,2023-01-01,21420
160,2023-06-26,42180
160,2023-07-21,51400
160,2023-07-09,40760
160,2023-06-21,40420
160,2023-08-03,41850
160,2023-07-23,58540
160,2023-08-03,22540
160,2023-07-10,45260
160,2023-06-23,24750
161,2023-01-27,16660
162,2023-04-23,19770
162,2023-04-26,20040
162,2023-02-05,21870
162,2023-05-19,41590
162,2023-01-30,21980
162,2023-06-03,25530
162,2023-03-28,29660
162,2023-07-11,16780
162,2023-01-12,31200
162,2023-05-14,21630
162,2023-04-01,21120
162,2023-01-17,31980
162,2023-07-15,20510
162,2023-08-20,26100
162,2023-05-24,25030
163,2023-01-12,16140
164,2023-02-06,56480
164,2023-02-22,70890
164,2023-04-06,71330
164,2023-02-11,31250
164,2023-01-05,10430
164,2023-06-09,70130
164,2023-01-31,19180
164,2023-03-24,47070
164,2023-02-16,46200
164,2023-02-26,33320
164,2023-02-23,36340
164,2023-05-11,54660
164,2023-02-12,27340
164,2023-02-07,15860
164,2023-02-10,33240
164,2023-03-16,29220
164,2023-02-14,30150
164,2023-02-21,71590
164,2023-01-30,37370
164,2023-01-22,16370
164,2023-02-18,32420
164,2023-02-24,41880
164,2023-03-07,52680
164,2023-03-15,51020
164,2023-07-02,40350
164,2023-01-21,22370
164,2023-02-16,27060
164,2023-07-12,40210
165,2023-06-01,74800
165,2023-01-28,32230
166,2023-01-29,15980
167,2023-01-30,17460
168,2023-03-15,16990
168,2023-08-16,18380
168,2023-01-05,46530
168,2023-01-14,37970
168,2023-04-10,16170
168,2023-08-02,51450
168,2023-07-21,42872
168,2023-06-26,41430
168,2023-08-12,45030
169,2023-01-31,16900
169,2023-06-30,11980
169,2023-08-07,40290
169,2023-06-19,40840
169,2023-07-23,16250
169,2023-01-19,15800
169,2023-01-12,21420
169,2023-03-21,11610
169,2023-05-13,40580
169,2023-07-29,40580
169,2023-07-25,20370
169,2023-02-12,14290
169,2023-01-27,16180
169,2023-01-17,15170
169,2023-05-15,40270
169,2023-01-30,15760
169,2023-08-01,15760
169,2023-02-21,11940
169,2023-04-26,17270
169,2023-08-11,40850
169,2023-01-28,16730
169,2023-07-26,16430
170,2023-01-28,16890
170,2023-01-15,17990
170,2023-08-14,62370
170,2023-01-25,23080
170,2023-02-25,54570
170,2023-01-15,48730
170,2023-08-26,44250
171,2023-01-16,35700
171,2023-01-29,24050
172,2023-01-08,15290
172,2023-01-20,16980
173,2023-08-17,23220
173,2023-06-10,21530
173,2023-03-21,13900
173,2023-02-15,51440
173,2023-05-25,19360
173,2023-06-09,25080
173,2023-01-29,36560
173,2023-02-05,40300
173,2023-02-13,32360
173,2023-08-07,28620
173,2023-06-23,10690
173,2023-02-22,23770
174,2023-01-29,42310
174,2023-05-21,52030
174,2023-01-07,34950
175,2023-01-15,17080
176,2023-02-26,52140
176,2023-05-03,41070
176,2023-02-04,19750
176,2023-07-29,55880
176,2023-02-28,22920
176,2023-01-29,20170
177,2023-01-21,40840
177,2023-05-14,52690
178,2023-05-05,43650
178,2023-06-26,45250
178,2023-01-23,61150
178,2023-03-20,15570
178,2023-02-10,12730
178,2023-02-26,35560
178,2023-03-13,13560
178,2023-08-23,41160
178,2023-07-23,40950
178,2023-03-28,15870
178,2023-08-17,40970
178,2023-05-14,13460
178,2023-02-03,15810
178,2023-02-13,16170
179,2023-01-11,28740
179,2023-01-23,45930
179,2023-01-15,37990
179,2023-01-21,57090
179,2023-01-28,84700
179,2023-01-18,62350
179,2023-02-04,77840
179,2023-08-12,45260
179,2023-01-13,76510
180,2023-01-31,15180
180,2023-02-07,15960
180,2023-01-18,41370
180,2023-01-14,25840
180,2023-02-15,14680
180,2023-01-22,15570
180,2023-02-06,15890
180,2023-01-29,15320
180,2023-01-25,27580
180,2023-01-20,19290
180,2023-01-17,16750
180,2023-02-03,16490
181,2023-06-01,23998
181,2023-08-19,50058
181,2023-06-30,82720
181,2023-02-10,29100
181,2023-07-02,60700
181,2023-04-10,36350
181,2023-07-26,59450
181,2023-07-10,57750
181,2023-02-17,31540
181,2023-01-28,57070
181,2023-04-03,49010
181,2023-06-18,47950
181,2023-06-21,45308
181,2023-08-03,40460
181,2023-08-20,68018
181,2023-04-25,43280
181,2023-06-23,46760
181,2023-01-22,26010
181,2023-06-11,51270
181,2023-01-31,66020
181,2023-08-18,65126
181,2023-05-01,42630
182,2023-03-17,50110
182,2023-04-05,69650
182,2023-03-11,118710
182,2023-03-18,139240
182,2023-02-05,62360
182,2023-04-22,75300
182,2023-05-28,65060
182,2023-02-14,38550
182,2023-08-10,45590
182,2023-05-19,50270
182,2023-01-31,34340
182,2023-03-10,60740
182,2023-05-04,31600
182,2023-01-24,99670
182,2023-06-28,34520
182,2023-01-11,30600
182,2023-08-09,45610
183,2023-01-08,11270
184,2023-01-27,20810
184,2023-02-23,11980
185,2023-01-24,30750
186,2023-01-11,20080
186,2023-01-25,30710
187,2023-01-17,15980
187,2023-04-05,27960
188,2023-08-20,42690
188,2023-01-01,42510
188,2023-07-13,40940
188,2023-06-03,39800
188,2023-01-29,25750
188,2023-07-25,42100
188,2023-02-23,30260
188,2023-01-24,34160
188,2023-07-11,56860
188,2023-01-06,55080
188,2023-08-17,46030
189,2023-01-13,27980
190,2023-01-14,31290
191,2023-07-15,40710
191,2023-01-08,32620
191,2023-01-02,31020
192,2023-01-04,28180
192,2023-01-13,22400
192,2023-02-28,34380
193,2023-02-09,55970
193,2023-05-23,64950
193,2023-06-12,67910
193,2023-04-17,57800
193,2023-04-19,64160
193,2023-01-08,61990
193,2023-02-20,62860
193,2023-03-14,57030
193,2023-05-02,62730
193,2023-05-08,57680
193,2023-03-19,71050
194,2023-01-06,23030
195,2023-01-27,24550
196,2023-03-05,60430
196,2023-01-18,44000
196,2023-02-02,36290
196,2023-02-27,34320
196,2023-04-22,55270
196,2023-08-01,55190
196,2023-04-04,62620
196,2023-01-12,32070
196,2023-08-14,60840
196,2023-01-17,63490
196,2023-05-29,52816
196,2023-05-17,65770
196,2023-03-29,60620
196,2023-03-18,44510
196,2023-08-18,54570
196,2023-04-22,60720
196,2023-06-13,60210
196,2023-03-01,41490
196,2023-08-21,61380
196,2023-02-18,30430
196,2023-06-16,62570
196,2023-07-10,60420
196,2023-02-10,50790
196,2023-04-24,53300
196,2023-08-19,51870
196,2023-08-08,61330
196,2023-06-10,61080
196,2023-04-26,51060
196,2023-02-17,31540
196,2023-03-07,57010
196,2023-03-14,61310
196,2023-02-24,70370
196,2023-01-24,61620
196,2023-02-09,61560
196,2023-04-05,60960
196,2023-07-23,29040
196,2023-06-25,56380
196,2023-04-15,55700
196,2023-06-05,63440
196,2023-03-11,57060
196,2023-02-22,31010
196,2023-07-16,52110
196,2023-03-07,57390
196,2023-05-22,60100
196,2023-02-19,31450
196,2023-02-12,63110
196,2023-07-27,60160
196,2023-01-28,29960
196,2023-04-11,56540
196,2023-03-01,44060
196,2023-04-09,56700
196,2023-05-14,55890
196,2023-02-13,50030
196,2023-08-11,61820
197,2023-02-07,51410
197,2023-08-08,62670
197,2023-04-11,52150
197,2023-03-12,43200
197,2023-07-21,17920
197,2023-05-09,60410
197,2023-03-20,48762
197,2023-08-11,62630
197,2023-02-01,61520
197,2023-08-15,64740
197,2023-08-05,61230
197,2023-02-24,70180
197,2023-07-13,60960
197,2023-02-11,51610
197,2023-04-08,60610
197,2023-08-24,52650
197,2023-02-20,61730
197,2023-08-17,43640
197,2023-05-20,60550
197,2023-03-19,40510
197,2023-08-21,50540
197,2023-07-15,70300
197,2023-08-10,54240
197,2023-03-15,50410
197,2023-07-24,30170
197,2023-03-18,58636
197,2023-05-26,63690
197,2023-04-02,62600
197,2023-03-14,44730
197,2023-05-22,51120
197,2023-03-07,64060
197,2023-02-22,30030
197,2023-01-25,66180
197,2023-04-30,50170
197,2023-02-09,17350
197,2023-07-16,63510
197,2023-08-23,50050
197,2023-04-21,60750
197,2023-04-15,61250
197,2023-07-08,52740
197,2023-03-02,66890
197,2023-03-04,60520
197,2023-03-24,63050
197,2023-02-16,51690
197,2023-02-27,50490
197,2023-01-23,42620
197,2023-01-20,62690
197,2023-02-04,70690
197,2023-01-29,46230
197,2023-04-19,61660
197,2023-05-17,61530
197,2023-04-26,64560
197,2023-02-22,31760
197,2023-02-23,71400
197,2023-02-14,70130
197,2023-01-17,26040
197,2023-03-11,64870
197,2023-06-08,61820
197,2023-02-25,70010
197,2023-05-29,62030
197,2023-06-29,60950
197,2023-04-13,61710
197,2023-08-12,51340
197,2023-07-29,54740
197,2023-05-11,54930
197,2023-03-26,68030
197,2023-04-18,44460
197,2023-05-12,57110
197,2023-03-30,50930
197,2023-05-13,52370
197,2023-01-18,32960
197,2023-07-18,67800
197,2023-05-10,61430
197,2023-06-17,71960
197,2023-02-09,41180
197,2023-03-09,51460
197,2023-03-22,62200
198,2023-01-25,18250
198,2023-03-25,42230
198,2023-02-01,25530
198,2023-02-07,17050
198,2023-02-23,17660
199,2023-01-12,31440
199,2023-01-16,34310
199,2023-04-22,60150
199,2023-05-23,61790
199,2023-01-01,30040
199,2023-08-16,61390
199,2023-08-28,50520
199,2023-08-23,53900
199,2023-05-15,60030
199,2023-04-03,60260
200,2023-01-23,19080
201,2023-03-02,16800
201,2023-01-04,16460
201,2023-02-23,15110
201,2023-08-26,30770
201,2023-01-12,15090
202,2023-05-07,20660
202,2023-03-13,30230
202,2023-01-15,25470
202,2023-01-11,24780
202,2023-02-17,34480
202,2023-07-15,16050
202,2023-02-18,33780
202,2023-01-15,35380
202,2023-02-19,53950
202,2023-05-24,37160
202,2023-01-21,22730
202,2023-07-25,64350
202,2023-04-02,37470
202,2023-02-20,61770
202,2023-01-25,21910
202,2023-02-14,44210
202,2023-08-01,50170
202,2023-01-31,20760
202,2023-04-10,41680
202,2023-03-25,41460
202,2023-01-29,30720
202,2023-01-07,35860
202,2023-05-10,18170
202,2023-03-01,48820
202,2023-03-18,42840
202,2023-06-17,26070
202,2023-03-05,53920
202,2023-06-13,13680
203,2023-01-21,40730
203,2023-01-09,15860
203,2023-01-06,30540
203,2023-01-06,20820
203,2023-01-21,16680
203,2023-08-09,40930
204,2023-01-14,23560
205,2023-01-30,24980
206,2023-01-03,40140
206,2023-05-29,45520
206,2023-03-28,43100
206,2023-01-28,42610
206,2023-01-17,48220
206,2023-05-02,50610
206,2023-05-11,50270
206,2023-07-14,50690
206,2023-02-17,44520
206,2023-07-24,40210
206,2023-01-07,55120
206,2023-08-15,59690
206,2023-08-09,50770
206,2023-01-25,53580
206,2023-03-19,54490
206,2023-02-11,60720
206,2023-07-02,46110
206,2023-02-06,48770
206,2023-02-23,45640
206,2023-03-03,48980
206,2023-01-04,45470
206,2023-08-27,49690
206,2023-08-02,47740
207,2023-01-21,15830
207,2023-08-22,18770
207,2023-03-11,11530
207,2023-02-14,11970
207,2023-01-13,11680
208,2023-01-12,20140
209,2023-01-23,29510
210,2023-01-11,36470
210,2023-01-11,41510
211,2023-01-21,28270
212,2023-01-11,16290
213,2023-01-17,23910
214,2023-01-03,31540
215,2023-03-01,34270
215,2023-01-07,35110
215,2023-01-16,21770
216,2023-01-05,42440
216,2023-01-05,34430
217,2023-01-14,33450
218,2023-01-06,30270
218,2023-04-23,11700
219,2023-01-28,30630
219,2023-01-20,25830
219,2023-07-19,25170
220,2023-01-28,20350
221,2023-06-11,30420
221,2023-08-24,40410
221,2023-01-08,30510
222,2023-01-14,15950
223,2023-01-29,30760
224,2023-01-23,30940
225,2023-02-20,31240
225,2023-04-15,23640
225,2023-01-20,19570
225,2023-07-05,19740
225,2023-05-05,14660
225,2023-05-30,11870
225,2023-07-19,25550
225,2023-05-16,19060
226,2023-03-15,22550
226,2023-08-22,18240
226,2023-04-10,10790
226,2023-08-10,40810
226,2023-01-21,20070
226,2023-02-08,16570
227,2023-01-03,21880
227,2023-03-27,18610
228,2023-01-14,18390
228,2023-07-15,41591
228,2023-06-24,10580
229,2023-02-04,21370
229,2023-01-07,18330
230,2023-01-02,31950
231,2023-05-18,21160
231,2023-03-05,20340
231,2023-02-12,19980
231,2023-01-11,23060
231,2023-03-19,16280
231,2023-05-27,41340
231,2023-01-02,32000
231,2023-02-16,10970
231,2023-01-19,42450
231,2023-04-22,23220
231,2023-03-11,10860
231,2023-02-10,30840
231,2023-01-28,15160
231,2023-01-13,15290
231,2023-08-15,23650
231,2023-08-03,40930
232,2023-08-20,40120
232,2023-03-02,17820
232,2023-02-07,18350
232,2023-01-23,17220
233,2023-03-07,18930
233,2023-05-05,54510
233,2023-01-13,30370
233,2023-07-13,24810
233,2023-02-23,30420
233,2023-07-12,41220
233,2023-04-16,41280
233,2023-08-13,21980
233,2023-01-22,18500
233,2023-01-14,11500
233,2023-03-25,40510
233,2023-05-13,13690
233,2023-08-13,59460
234,2023-03-13,19110
234,2023-01-28,33820
235,2023-06-19,53680
235,2023-02-13,68030
235,2023-06-25,75440
235,2023-01-16,48090
235,2023-07-17,55490
235,2023-08-03,50410
235,2023-01-02,52320
235,2023-01-15,68000
235,2023-06-07,54300
235,2023-01-09,72010
235,2023-04-11,64030
235,2023-03-23,69770
235,2023-08-17,51980
235,2023-06-12,39490
235,2023-04-30,69150
235,2023-07-10,53630
236,2023-01-26,12670
236,2023-01-15,12900
236,2023-03-06,11040
236,2023-04-30,11180
236,2023-01-03,18360
236,2023-01-20,19780
236,2023-02-20,14710
236,2023-07-20,20450
236,2023-01-15,12950
237,2023-01-07,42150
238,2023-01-29,15350
239,2023-01-15,54320
240,2023-01-11,33020
240,2023-07-04,44170
240,2023-02-12,35540
240,2023-03-05,48810
240,2023-03-31,40450
241,2023-05-24,26050
241,2023-01-22,35430
241,2023-02-23,31310
241,2023-03-22,43000
241,2023-02-06,19990
241,2023-01-31,45070
241,2023-04-05,27360
241,2023-02-05,29040
241,2023-03-19,58100
241,2023-06-07,16370
241,2023-02-10,54160
241,2023-08-23,44840
241,2023-03-25,26780
241,2023-02-26,30550
241,2023-03-09,50350
242,2023-01-17,32760
243,2023-06-06,13390
243,2023-01-14,32830
243,2023-01-20,22380
243,2023-03-04,24370
243,2023-01-09,31240
243,2023-07-07,15990
244,2023-01-08,26870
245,2023-01-08,15870
246,2023-01-05,44150
246,2023-02-10,14770
247,2023-02-10,16380
247,2023-08-07,42410
247,2023-01-28,16840
247,2023-01-22,19210
248,2023-04-24,13960
248,2023-01-26,28470
248,2023-03-21,24860
248,2023-03-07,18970
248,2023-04-18,31130
248,2023-01-08,43830
248,2023-01-27,48740
248,2023-05-07,28990
248,2023-08-17,24590
248,2023-01-02,33840
249,2023-01-10,31523
249,2023-04-08,50420
249,2023-01-09,41571
249,2023-01-20,40820
249,2023-01-30,18640
250,2023-01-31,22660
251,2023-01-18,15470
252,2023-05-01,41110
252,2023-08-02,44870
252,2023-04-23,42210
252,2023-01-30,33550
252,2023-05-02,51680
252,2023-02-09,38240
252,2023-01-04,41090
252,2023-01-02,49040
253,2023-01-15,17580
253,2023-01-01,30890
254,2023-01-24,47770
255,2023-01-10,22470
256,2023-01-09,30910
257,2023-01-22,133760
257,2023-02-14,41550
257,2023-02-10,19320
257,2023-01-25,17880
258,2023-01-20,31710
259,2023-03-19,44240
259,2023-06-02,41320
259,2023-05-07,18780
259,2023-01-13,32950
259,2023-01-27,20500
260,2023-01-06,64720
260,2023-05-19,62190
260,2023-02-26,66990
260,2023-01-16,67990
261,2023-04-11,54820
261,2023-03-15,53208
261,2023-01-06,44930
261,2023-01-09,46580
262,2023-02-12,50510
262,2023-01-27,32650
262,2023-02-16,38310
263,2023-01-04,30660
263,2023-01-25,42820
263,2023-01-04,31880
264,2023-05-17,42020
264,2023-07-04,43170
264,2023-02-25,30160
264,2023-01-02,26600
264,2023-03-13,41080
265,2023-01-08,15120
266,2023-05-13,51850
266,2023-04-02,54940
266,2023-06-03,55660
266,2023-03-05,64590
266,2023-05-07,57410
266,2023-08-09,80630
266,2023-06-17,61150
266,2023-02-11,53770
266,2023-02-26,60100
266,2023-03-01,56150
266,2023-01-29,68660
266,2023-07-03,62510
266,2023-08-20,51080
266,2023-08-27,40960
266,2023-04-09,40550
266,2023-06-07,65870
266,2023-07-24,64210
267,2023-01-31,20170
267,2023-02-10,21980
267,2023-03-07,41140
267,2023-04-07,51230
267,2023-02-19,15300
267,2023-01-12,36250
267,2023-01-29,33050
267,2023-03-27,43270
268,2023-01-16,17260
269,2023-01-10,28770
269,2023-01-23,42481
270,2023-01-22,20340
270,2023-02-26,13360
271,2023-01-11,18980
271,2023-07-01,24830
271,2023-04-17,14180
271,2023-02-16,36910
271,2023-04-16,21160
271,2023-02-17,80400
271,2023-04-29,18820
271,2023-05-07,22770
271,2023-01-27,24980
272,2023-01-16,18940
273,2023-01-08,15140
273,2023-01-28,13170
274,2023-01-12,31720
275,2023-01-27,44200
275,2023-01-12,37330
275,2023-01-11,53040
276,2023-01-22,24600
276,2023-01-27,52210
276,2023-01-21,44420
276,2023-01-25,30450
277,2023-01-16,15190
278,2023-01-09,19990
279,2023-02-13,21640
279,2023-07-15,69480
279,2023-08-28,41420
279,2023-06-28,71400
279,2023-07-07,46520
279,2023-01-29,43410
279,2023-06-15,59780
279,2023-05-20,48510
279,2023-07-27,49050
279,2023-05-09,43050
279,2023-06-07,50630
279,2023-08-13,48260
279,2023-08-21,85208
279,2023-05-18,56830
279,2023-02-28,37810
279,2023-08-24,42480
279,2023-02-11,33640
279,2023-05-29,48480
279,2023-04-29,26230
279,2023-03-11,40800
279,2023-07-30,41920
279,2023-04-28,41130
279,2023-08-07,43900
279,2023-04-18,66360
279,2023-03-26,85260
279,2023-06-25,46860
279,2023-08-03,52820
280,2023-01-19,32130
280,2023-05-16,44170
280,2023-01-06,105870
281,2023-06-03,42590
281,2023-02-10,23860
281,2023-03-11,41200
281,2023-01-28,50620
281,2023-01-24,55280
282,2023-01-22,31920
283,2023-05-30,38140
283,2023-06-05,38390
283,2023-04-01,33700
283,2023-04-13,30990
283,2023-05-15,24130
283,2023-06-15,35670
283,2023-06-05,11890
283,2023-07-06,24310
283,2023-07-25,21700
283,2023-07-05,25450
283,2023-06-29,48300
283,2023-06-06,33650
283,2023-07-27,26560
283,2023-08-03,19250
283,2023-06-10,48770
283,2023-04-20,28060
283,2023-06-17,15240
283,2023-06-02,36980
283,2023-01-30,19400
283,2023-08-12,46630
283,2023-08-11,27510
283,2023-06-20,25160
283,2023-06-19,15900
283,2023-08-18,28230
283,2023-08-07,35400
283,2023-07-11,19020
283,2023-07-05,47200
283,2023-06-18,45970
283,2023-04-18,16030
284,2023-01-24,10734
284,2023-07-13,40330
284,2023-01-11,30680
285,2023-01-08,21280
286,2023-01-12,52560
286,2023-04-01,59310
286,2023-01-20,61790
286,2023-05-05,51290
286,2023-01-27,42940
286,2023-01-25,52340
286,2023-01-17,30620
287,2023-03-11,19200
287,2023-01-15,19200
288,2023-01-29,31750
288,2023-01-13,30330
289,2023-02-15,30270
289,2023-01-05,32770
289,2023-02-25,16300
289,2023-01-14,15000
290,2023-01-01,20290
291,2023-01-23,16770
292,2023-01-08,10340
293,2023-03-21,10270
293,2023-02-10,22320
293,2023-01-06,22010
293,2023-01-11,18190
293,2023-05-26,13150
293,2023-01-22,15220
293,2023-04-09,19260
293,2023-03-21,15450
293,2023-03-05,22480
294,2023-03-18,28450
294,2023-01-28,24950
295,2023-01-08,33950
296,2023-02-18,83410
296,2023-01-28,106920
296,2023-02-04,50570
296,2023-01-27,82000
296,2023-02-13,76600
296,2023-01-27,73870
296,2023-02-01,83590
296,2023-01-31,62020
296,2023-02-19,32990
296,2023-02-08,51570
296,2023-01-29,97020
296,2023-02-10,84220
296,2023-02-20,41040
296,2023-02-12,108220
296,2023-02-16,40990
296,2023-02-01,85280
296,2023-02-04,30630
296,2023-02-11,30470
296,2023-02-09,59460
296,2023-02-11,51350
296,2023-02-05,77440
296,2023-02-17,56510
296,2023-02-06,56510
296,2023-02-16,55730
296,2023-02-12,68680
296,2023-02-11,82630
296,2023-01-30,50230
296,2023-02-19,74640
296,2023-02-12,50570
296,2023-02-08,85000
296,2023-02-12,32000
296,2023-02-04,56510
296,2023-02-03,32170
296,2023-02-08,75880
296,2023-02-09,30510
296,2023-01-31,63500
296,2023-02-06,86590
296,2023-01-29,53510
296,2023-02-01,60430
296,2023-02-10,60420
296,2023-02-10,55360
296,2023-02-13,30260
296,2023-02-05,60970
296,2023-02-19,35320
296,2023-02-11,54360
296,2023-01-28,99720
296,2023-02-03,82000
296,2023-02-20,68490
296,2023-01-30,55490
296,2023-02-10,63420
296,2023-01-27,87940
296,2023-02-15,73850
296,2023-01-31,52900
296,2023-02-04,89150
296,2023-02-09,66480
296,2023-02-05,50440
296,2023-02-14,70840
296,2023-01-28,53950
296,2023-02-09,61090
296,2023-01-28,45970
296,2023-02-17,103660
296,2023-02-07,50440
296,2023-02-16,31470
296,2023-01-30,68740
296,2023-02-02,53510
296,2023-02-07,83410
296,2023-02-13,50470
296,2023-02-14,73460
296,2023-02-07,86590
296,2023-02-14,38660
296,2023-02-02,80410
296,2023-02-14,75880
296,2023-02-18,81680
296,2023-02-17,57820
296,2023-02-03,56380
296,2023-02-11,50890
296,2023-02-19,62500
296,2023-01-30,57560
296,2023-02-19,30650
296,2023-01-29,66010
296,2023-01-27,112810
296,2023-02-16,34970
296,2023-01-29,62020
296,2023-02-05,60430
296,2023-02-05,56510
296,2023-02-15,31280
296,2023-02-05,33170
296,2023-02-15,55730
296,2023-02-02,60430
296,2023-02-20,57540
296,2023-01-28,85940
296,2023-02-11,38400
296,2023-02-04,53070
296,2023-02-18,68300
296,2023-02-11,50570
296,2023-02-13,55730
296,2023-01-31,66410
297,2023-01-04,41100
297,2023-01-11,18250
297,2023-02-07,30790
297,2023-01-28,28770
297,2023-01-31,18860
298,2023-05-30,20960
298,2023-01-07,48610
298,2023-01-28,31530
299,2023-01-07,33570
299,2023-05-14,40790
299,2023-05-21,54730
299,2023-07-08,45120
299,2023-01-21,30510
299,2023-01-21,15030
299,2023-01-01,36340
299,2023-05-28,11670
299,2023-01-14,25134
300,2023-01-11,39350
301,2023-01-16,17880
301,2023-01-28,35160
301,2023-08-04,19980
302,2023-06-17,11210
302,2023-01-29,34920
303,2023-01-17,25650
304,2023-01-25,10700
305,2023-01-24,11170
305,2023-01-29,12970
305,2023-06-29,10500
305,2023-02-04,15590
305,2023-02-02,10480
305,2023-01-25,15530
305,2023-01-28,16060
305,2023-01-31,10870
306,2023-01-15,39340
306,2023-01-03,15970
306,2023-01-20,11340
307,2023-01-06,18250
308,2023-07-14,18660
308,2023-06-20,23850
308,2023-02-13,31340
308,2023-03-11,29470
308,2023-01-12,34990
308,2023-06-14,14970
308,2023-05-12,23970
308,2023-06-10,20970
308,2023-08-04,15680
308,2023-07-23,22604
308,2023-01-14,33270
308,2023-05-15,28840
308,2023-05-06,24970
309,2023-03-09,13050
309,2023-03-29,11960
309,2023-04-23,23930
309,2023-04-04,43830
309,2023-04-10,14940
309,2023-05-06,40750
309,2023-05-19,11350
309,2023-02-10,30970
309,2023-02-16,39020
309,2023-05-16,14770
309,2023-01-01,17870
309,2023-04-24,20530
309,2023-06-09,10570
309,2023-04-11,25160
309,2023-06-03,20510
309,2023-01-14,26602
309,2023-04-29,15850
309,2023-01-31,32650
309,2023-01-05,16840
309,2023-05-01,27310
309,2023-04-14,15640
309,2023-01-03,14850
309,2023-02-02,36360
310,2023-01-08,21840
311,2023-08-11,25640
311,2023-06-09,31590
311,2023-08-09,15020
311,2023-02-22,10430
311,2023-01-05,31210
311,2023-01-09,10560
311,2023-06-01,10410
311,2023-08-23,27150
312,2023-08-10,94200
312,2023-01-16,43060
312,2023-07-12,31030
312,2023-06-04,35010
312,2023-06-01,34270
312,2023-01-01,55020
312,2023-08-21,47550
312,2023-08-17,77740
312,2023-07-20,58740
312,2023-05-29,57140
312,2023-05-25,98990
312,2023-06-14,40310
312,2023-07-26,53510
312,2023-02-05,41230
312,2023-04-16,61650
312,2023-07-08,22990
312,2023-07-04,53190
313,2023-08-01,50180
313,2023-06-13,30570
313,2023-07-21,61930
313,2023-07-29,53860
313,2023-07-30,42650
313,2023-01-06,30400
313,2023-01-08,48850
313,2023-08-04,68450
313,2023-08-14,40570
313,2023-07-27,60820
314,2023-01-30,24960
314,2023-01-16,140170
314,2023-02-04,24830
314,2023-08-26,101420
314,2023-03-13,48470
314,2023-05-28,27351
314,2023-01-18,74820
314,2023-01-28,26410
315,2023-01-30,21510
316,2023-01-20,20640
317,2023-01-24,20490
318,2023-07-23,63240
318,2023-06-24,28900
318,2023-01-08,70420
318,2023-04-24,114930
318,2023-07-15,78000
318,2023-06-28,79980
318,2023-01-17,83180
318,2023-01-24,19960
318,2023-01-28,42050
318,2023-01-13,53890
318,2023-07-29,97500
318,2023-07-16,53700
318,2023-02-07,111530
318,2023-07-19,534400
318,2023-08-12,131100
318,2023-07-10,122698
318,2023-03-07,73700
318,2023-05-23,99990
318,2023-06-09,73290
318,2023-05-09,108836
318,2023-01-31,61840
318,2023-06-18,107840
318,2023-07-02,148724
318,2023-08-05,262210
318,2023-08-19,54010
318,2023-04-11,106370
318,2023-06-24,95800
318,2023-08-19,53570
318,2023-05-04,70450
318,2023-08-12,40650
318,2023-03-20,102190
318,2023-01-09,29120
318,2023-02-14,91970
318,2023-02-22,53280
319,2023-07-28,15730
319,2023-03-18,27980
319,2023-03-04,10050
319,2023-03-01,10020
319,2023-03-17,14830
319,2023-06-10,27300
319,2023-06-05,22210
319,2023-04-22,13670
319,2023-05-20,18550
319,2023-04-15,12340
319,2023-01-18,16390
320,2023-01-29,32190
320,2023-01-23,15780
320,2023-02-09,31510
320,2023-01-10,37750
320,2023-04-11,57120
320,2023-03-05,50070
321,2023-01-15,15490
321,2023-01-12,16790
321,2023-01-12,30950
322,2023-05-21,11550
322,2023-06-04,15510
322,2023-07-08,15560
322,2023-01-13,15022
322,2023-05-26,10430
323,2023-02-27,30890
323,2023-06-06,40260
323,2023-02-27,31470
323,2023-03-05,39890
323,2023-07-10,18480
323,2023-01-25,15060
323,2023-08-14,18120
323,2023-05-21,12320
323,2023-07-05,19980
323,2023-01-21,36910
323,2023-02-26,30690
324,2023-01-02,32550
325,2023-01-11,66240
325,2023-01-02,15270
326,2023-01-07,37360
327,2023-01-31,33930
327,2023-05-13,51860
327,2023-07-15,18472
328,2023-01-13,20330
329,2023-01-24,16070
329,2023-08-19,15640
329,2023-01-25,15670
329,2023-01-23,15840
330,2023-01-23,15582
331,2023-06-11,51250
331,2023-01-14,16780
331,2023-01-18,21910
332,2023-07-02,53000
332,2023-01-13,27850
333,2023-07-08,28590
333,2023-01-17,27960
333,2023-02-15,34300
333,2023-03-05,24460
333,2023-06-18,19870
333,2023-01-09,49200
333,2023-07-15,20020
333,2023-06-06,56780
333,2023-02-05,49430
333,2023-07-23,23980
333,2023-08-13,36330
334,2023-01-08,15150
335,2023-01-26,16190
336,2023-02-10,62610
336,2023-02-24,33090
336,2023-01-18,39800
336,2023-02-22,68860
336,2023-01-06,43050
336,2023-01-30,29300
337,2023-01-12,23250
337,2023-02-28,16810
337,2023-03-05,43210
337,2023-02-18,41830
337,2023-06-21,10990
337,2023-05-21,31550
338,2023-04-06,13680
338,2023-01-12,26170
338,2023-05-26,10920
338,2023-02-10,54410
339,2023-01-10,20150
339,2023-01-13,21490
340,2023-07-05,32030
340,2023-07-09,29460
340,2023-08-23,18090
340,2023-07-13,31160
340,2023-01-29,18380
341,2023-01-25,31090
342,2023-01-16,11380
342,2023-01-24,12690
342,2023-05-01,40850
343,2023-03-24,96890
343,2023-02-12,19080
343,2023-06-23,96500
343,2023-05-28,19670
343,2023-07-07,120810
343,2023-02-24,205970
343,2023-04-15,66580
343,2023-06-02,96050
343,2023-03-04,55980
343,2023-01-29,30310
343,2023-08-24,149730
343,2023-06-13,25200
343,2023-05-04,84420
343,2023-05-12,123960
343,2023-07-22,34720
343,2023-05-24,18160
343,2023-06-29,33160
343,2023-06-15,133790
343,2023-02-22,33670
343,2023-03-05,35060
343,2023-05-22,97450
343,2023-03-09,198200
343,2023-06-28,48850
343,2023-04-16,73410
343,2023-07-25,128830
343,2023-03-17,98910
343,2023-05-26,88810
343,2023-02-10,151560
343,2023-02-17,73930
343,2023-05-20,62460
343,2023-07-14,126170
343,2023-04-30,36810
343,2023-04-07,25560
343,2023-06-11,65710
343,2023-02-03,31960
343,2023-07-28,64680
343,2023-08-11,128020
343,2023-08-17,124970
343,2023-04-03,50120
343,2023-08-04,90720
343,2023-04-07,35760
343,2023-06-30,61010
343,2023-01-28,59060
343,2023-04-14,62250
343,2023-06-27,47150
343,2023-06-17,17970
343,2023-02-08,49460
343,2023-03-12,41560
343,2023-03-31,121850
343,2023-02-05,55040
343,2023-04-29,45500
343,2023-08-25,43580
343,2023-01-17,17370
343,2023-04-28,66020
344,2023-01-08,43180
344,2023-01-27,20060
344,2023-08-22,55470
344,2023-02-06,15450
344,2023-01-09,32310
344,2023-01-04,43470
344,2023-02-02,19150
344,2023-01-09,42010
344,2023-02-08,23930
344,2023-03-21,22070
344,2023-03-20,20550
344,2023-07-26,52060
344,2023-01-26,20870
344,2023-01-25,15840
344,2023-01-29,27570
344,2023-01-07,65780
344,2023-02-19,52530
344,2023-04-03,50350
344,2023-07-28,28280
344,2023-03-23,30940
344,2023-01-05,16970
344,2023-05-16,51980
344,2023-02-01,18510
344,2023-02-16,30090
344,2023-01-03,31150
344,2023-03-03,51800
345,2023-08-07,52420
345,2023-02-08,30730
345,2023-03-20,47870
345,2023-01-29,27740
345,2023-03-04,32170
345,2023-05-28,49240
345,2023-04-25,25710
345,2023-02-07,32840
345,2023-01-01,33360
345,2023-05-08,26050
345,2023-07-25,23960
346,2023-06-29,47410
346,2023-04-04,43280
346,2023-02-03,33090
346,2023-05-30,42200
346,2023-06-20,27320
346,2023-07-09,43200
346,2023-03-12,40440
346,2023-03-13,42740
346,2023-02-24,43120
346,2023-01-03,52340
346,2023-04-02,41360
346,2023-01-31,32050
346,2023-04-24,26710
346,2023-04-09,40710
346,2023-06-14,42430
346,2023-08-14,30080
346,2023-05-27,59080
346,2023-04-11,60250
346,2023-05-31,43020
346,2023-07-18,42270
346,2023-01-06,58070
346,2023-06-27,44940
346,2023-07-13,30720
346,2023-05-08,50750
346,2023-01-02,38426
346,2023-08-03,57070
347,2023-01-28,21250
347,2023-03-08,14680
347,2023-01-19,33020
347,2023-03-05,18744
347,2023-07-08,43510
347,2023-01-16,16220
347,2023-06-29,53510
347,2023-08-02,44440
347,2023-05-29,22550
347,2023-04-29,40070
347,2023-01-07,37040
347,2023-07-22,72144
347,2023-08-12,20380
347,2023-03-23,29530
347,2023-08-09,80410
347,2023-02-28,20070
348,2023-01-28,27140
348,2023-06-16,40770
349,2023-01-26,57660
349,2023-02-25,33410
349,2023-01-19,87790
349,2023-02-08,32970
349,2023-01-24,45760
349,2023-02-12,50920
349,2023-01-19,18330
349,2023-02-05,47340
349,2023-04-20,45760
350,2023-01-14,30090
351,2023-06-05,41950
351,2023-01-31,11360
351,2023-01-09,15260
351,2023-01-25,10760
352,2023-01-27,25512
353,2023-01-16,20480
354,2023-01-27,24790
354,2023-02-18,16470
354,2023-02-20,20470
355,2023-01-04,60400
355,2023-01-05,48660
355,2023-01-06,63630
356,2023-01-05,32100
356,2023-01-07,18220
357,2023-01-25,16850
357,2023-07-14,21670
357,2023-08-08,22580
357,2023-01-18,15470
358,2023-01-31,21290
359,2023-01-23,41990
360,2023-02-26,26530
360,2023-02-03,27360
360,2023-01-28,25250
361,2023-02-05,20970
361,2023-01-30,15090
361,2023-01-02,38350
362,2023-04-07,62610
362,2023-02-07,21820
362,2023-01-23,25520
362,2023-02-03,19370
362,2023-01-15,19560
362,2023-05-05,16420
362,2023-02-05,19460
362,2023-01-13,31630
362,2023-01-17,17960
363,2023-08-01,41920
363,2023-03-16,24880
363,2023-04-22,42555
363,2023-08-27,23690
363,2023-08-18,15810
363,2023-01-30,17770
363,2023-04-28,425000
363,2023-02-26,17580
363,2023-08-20,15610
363,2023-08-10,160290
364,2023-01-04,15090
364,2023-01-05,16160
364,2023-01-12,33730
364,2023-01-07,16470
365,2023-01-31,20308
365,2023-05-05,11790
366,2023-02-11,11170
366,2023-02-15,13970
366,2023-06-27,10280
366,2023-04-20,28750
366,2023-03-05,20890
366,2023-02-07,36820
366,2023-06-26,136740
366,2023-06-08,15100
366,2023-03-27,14600
366,2023-05-23,10570
366,2023-05-21,18540
366,2023-02-02,12160
366,2023-02-26,11660
366,2023-05-12,16430
366,2023-03-27,20680
366,2023-03-21,11970
366,2023-06-14,471762
366,2023-01-22,18960
366,2023-03-30,10880
366,2023-03-03,14170
366,2023-04-18,26700
366,2023-02-19,32910
366,2023-07-28,28260
366,2023-06-26,59900
366,2023-01-22,17260
366,2023-05-26,19610
366,2023-03-25,10470
366,2023-03-18,12270
366,2023-04-05,11160
366,2023-01-29,21690
366,2023-02-06,28050
366,2023-05-29,15580
366,2023-01-20,21510
366,2023-05-27,21070
366,2023-03-10,10940
366,2023-03-25,13340
367,2023-08-10,55710
367,2023-01-20,48530
367,2023-07-04,42020
367,2023-02-16,28440
367,2023-01-25,81940
367,2023-05-11,40270
367,2023-07-12,118510
367,2023-04-12,42710
367,2023-02-12,40230
367,2023-08-27,42310
367,2023-03-06,19420
367,2023-02-14,66580
368,2023-01-29,23980
369,2023-01-26,31870
370,2023-01-13,19180
370,2023-01-18,19180
371,2023-01-25,17570
371,2023-01-05,21530
372,2023-07-13,52490
372,2023-06-25,24370
372,2023-04-09,30150
372,2023-05-21,40280
372,2023-02-26,30240
372,2023-07-02,40860
372,2023-02-06,30660
372,2023-01-02,38670
372,2023-03-22,41550
372,2023-02-14,32060
372,2023-03-12,22050
372,2023-01-31,31780
373,2023-01-15,34030
373,2023-01-29,36620
374,2023-01-26,15510
374,2023-07-28,16030
375,2023-01-26,20030
376,2023-02-05,54290
376,2023-01-07,30430
376,2023-02-28,32350
376,2023-01-09,40190
376,2023-02-27,41740
376,2023-01-10,16470
376,2023-02-14,30240
376,2023-01-16,63050
376,2023-06-12,42492
376,2023-03-04,66330
376,2023-02-23,31122
376,2023-02-09,30050
377,2023-01-05,31960
377,2023-01-05,30550
378,2023-01-04,20470
379,2023-04-05,15760
379,2023-01-14,48680
380,2023-01-21,61940
381,2023-07-09,24960
381,2023-01-21,52960
381,2023-04-22,23270
381,2023-03-10,16620
381,2023-02-19,20040
382,2023-01-24,24320
383,2023-05-11,60660
383,2023-07-24,60120
383,2023-02-05,37020
383,2023-08-06,60180
383,2023-07-05,54730
383,2023-06-23,52590
383,2023-02-14,31730
383,2023-01-10,71630
383,2023-01-30,27960
383,2023-07-12,61420
383,2023-02-22,32660
383,2023-04-05,18350
383,2023-05-22,19310
383,2023-03-23,29190
383,2023-02-28,38213
383,2023-06-17,50950
383,2023-04-15,58970
383,2023-05-29,30450
383,2023-01-16,18990
383,2023-03-07,40690
383,2023-01-24,33870
383,2023-03-28,35140
383,2023-08-20,67980
383,2023-01-26,21170
384,2023-01-09,16460
384,2023-01-03,16590
385,2023-04-18,40260
385,2023-04-18,18740
385,2023-05-18,10870
385,2023-02-03,15670
385,2023-01-28,21570
385,2023-04-29,10700
385,2023-05-06,40600
385,2023-04-11,42710
385,2023-03-04,45060
385,2023-04-24,12780
385,2023-04-24,13860
385,2023-03-20,44430
386,2023-05-28,14880
386,2023-01-29,22160
386,2023-01-30,18310
386,2023-04-23,14670
386,2023-02-12,31270
387,2023-01-05,30580
388,2023-01-13,31670
389,2023-03-06,20650
389,2023-03-12,60680
389,2023-01-24,14680
389,2023-04-20,52430
389,2023-02-11,51970
389,2023-01-21,19290
389,2023-02-02,38280
389,2023-02-05,43310
389,2023-03-05,52550
389,2023-01-22,47470
389,2023-02-23,32070
389,2023-05-07,50920
389,2023-02-04,56930
389,2023-08-18,51050
389,2023-04-27,52720
389,2023-01-28,51610
389,2023-03-28,60410
389,2023-01-20,17330
389,2023-05-22,68640
389,2023-02-18,36380
390,2023-01-12,32270
390,2023-03-15,24580
390,2023-03-13,48440
390,2023-01-29,10590
390,2023-07-14,21230
390,2023-02-02,15170
390,2023-03-26,20550
390,2023-04-11,18010
390,2023-08-23,16350
390,2023-02-18,12960
390,2023-05-25,10940
390,2023-03-21,18240
390,2023-05-13,33490
390,2023-08-07,16450
390,2023-01-12,20970
390,2023-01-16,10760
390,2023-05-04,12670
390,2023-05-30,11330
390,2023-04-07,32030
390,2023-03-27,13530
390,2023-04-25,22840
390,2023-02-25,13560
390,2023-08-15,23780
390,2023-04-28,12670
391,2023-01-29,32020
392,2023-01-07,33220
393,2023-04-29,41210
393,2023-05-05,40360
393,2023-01-20,25610
393,2023-05-06,41400
393,2023-05-16,50690
393,2023-08-06,40320
394,2023-08-13,23140
394,2023-01-04,26370
394,2023-07-11,18250
394,2023-08-08,16580
394,2023-08-06,59390
394,2023-03-05,41240
395,2023-01-05,24160
395,2023-01-08,15880
395,2023-01-25,16870
395,2023-01-26,25560
395,2023-01-21,15950
395,2023-01-10,16640
396,2023-04-10,73320
396,2023-01-10,38710
396,2023-06-02,73130
396,2023-08-18,111000
396,2023-06-23,105110
396,2023-07-24,97915
396,2023-04-20,99160
396,2023-02-21,76490
396,2023-08-25,69190
396,2023-01-27,49190
396,2023-03-09,50020
396,2023-03-23,76380
396,2023-05-11,75860
396,2023-01-16,51870
397,2023-05-06,64890
397,2023-01-02,33570
397,2023-03-21,50940
398,2023-03-18,60920
398,2023-04-16,60330
398,2023-03-18,58000
398,2023-06-04,82770
398,2023-02-09,22020
398,2023-03-08,40880
398,2023-01-18,44870
398,2023-06-05,56440
398,2023-04-16,52650
398,2023-05-28,53270
398,2023-04-23,54740
398,2023-03-24,57420
398,2023-08-01,54010
398,2023-03-15,53620
398,2023-06-18,36530
399,2023-02-26,41620
399,2023-05-28,41070
399,2023-01-16,11550
399,2023-08-09,52050
399,2023-04-18,13670
399,2023-01-09,23360
399,2023-03-13,48830
399,2023-02-02,26150
399,2023-07-19,19970
399,2023-01-04,15980
399,2023-07-16,26991
399,2023-08-26,53761
399,2023-07-04,44670
400,2023-01-27,70500
401,2023-01-15,23850
401,2023-03-17,14810
401,2023-01-25,15780
402,2023-04-02,12230
402,2023-01-28,445000
402,2023-07-09,21170
402,2023-04-30,23780
402,2023-07-12,15180
402,2023-06-08,12980
402,2023-05-10,11380
402,2023-05-10,21860
402,2023-02-03,17980
403,2023-01-04,60000
404,2023-01-27,36430
404,2023-01-28,32230
405,2023-02-27,51240
405,2023-04-03,24930
405,2023-06-21,22320
405,2023-04-18,23880
405,2023-01-08,36470
405,2023-03-09,18400
405,2023-03-24,42230
405,2023-06-14,43490
405,2023-07-31,42500
405,2023-04-12,42010
405,2023-01-26,15160
406,2023-01-12,32970
406,2023-01-29,18440
407,2023-08-25,53730
407,2023-04-18,29270
407,2023-06-23,40960
407,2023-06-26,45960
407,2023-04-09,42260
407,2023-05-14,43910
407,2023-01-30,39620
407,2023-05-20,40940
407,2023-07-27,48610
407,2023-05-25,40640
407,2023-08-15,41290
408,2023-01-17,34360
409,2023-05-07,53470
409,2023-01-28,35730
409,2023-01-14,35590
410,2023-05-04,66840
410,2023-07-08,55210
410,2023-05-12,53770
410,2023-04-23,64510
410,2023-08-20,57210
410,2023-02-18,60260
410,2023-01-29,42230
410,2023-08-15,66230
410,2023-07-16,60480
411,2023-01-16,47380
412,2023-01-15,32250
412,2023-04-02,44830
413,2023-01-18,39330
413,2023-01-12,15710
413,2023-01-26,23230
413,2023-01-12,11570
413,2023-01-28,15170
414,2023-01-02,17951
415,2023-01-15,30470
416,2023-01-18,32380
416,2023-01-19,61810
417,2023-01-11,64800
418,2023-01-12,22490
418,2023-02-16,18960
418,2023-06-12,28200
418,2023-01-28,21470
418,2023-01-23,17280
419,2023-01-25,22770
420,2023-01-14,30960
421,2023-01-28,13270
421,2023-01-28,44520
421,2023-02-05,13970
421,2023-02-04,50830
422,2023-01-08,21200
423,2023-01-24,20520
423,2023-01-25,12990
423,2023-01-24,49990
424,2023-06-28,44900
424,2023-01-27,62590
424,2023-02-09,21970
424,2023-01-28,43440
425,2023-01-05,30980
426,2023-01-28,44710
426,2023-01-28,60240
427,2023-01-22,31170
428,2023-01-29,27850
429,2023-04-06,45340
429,2023-01-03,23300
430,2023-01-05,17760
430,2023-02-12,38970
430,2023-01-13,29970
430,2023-01-19,62870
430,2023-01-07,38040
431,2023-06-03,15405
431,2023-01-09,32880
431,2023-01-13,30460
432,2023-04-27,63790
432,2023-01-28,31670
432,2023-04-18,74350
432,2023-03-11,54192
432,2023-03-16,77970
432,2023-04-23,45771
432,2023-02-12,61752
432,2023-02-05,51130
432,2023-02-28,32360
432,2023-01-15,72370
432,2023-03-14,43962
432,2023-03-03,65500
432,2023-02-27,37960
432,2023-03-09,24430
432,2023-04-12,18590
432,2023-04-19,73440
432,2023-03-07,51400
432,2023-02-05,29950
433,2023-02-26,41290
433,2023-01-14,46380
433,2023-01-08,37920
434,2023-02-18,21280
434,2023-03-29,18990
434,2023-01-15,42000
434,2023-01-17,10990
434,2023-02-28,17680
434,2023-03-26,26200
434,2023-02-25,66380
434,2023-05-24,11830
434,2023-04-05,62800
434,2023-01-08,10790
434,2023-04-30,10180
434,2023-02-25,29700
434,2023-01-08,34830
434,2023-02-24,34870
434,2023-02-19,39900
434,2023-02-21,29490
434,2023-01-09,14070
434,2023-03-26,41560
434,2023-01-16,12701
435,2023-01-15,19680
436,2023-01-05,30750
437,2023-01-18,28330
437,2023-07-28,41190
438,2023-03-20,40040
438,2023-01-15,29660
439,2023-06-10,42440
439,2023-03-15,43710
439,2023-06-25,39660
439,2023-03-27,44780
439,2023-03-22,40800
439,2023-01-20,36840
439,2023-05-08,51300
439,2023-01-22,34510
439,2023-03-11,49880
439,2023-07-27,41090
439,2023-04-12,42580
439,2023-07-05,49750
439,2023-07-10,41404
439,2023-05-29,41020
439,2023-04-13,47960
439,2023-04-08,42590
439,2023-01-20,34020
439,2023-05-04,41960
439,2023-07-12,45920
439,2023-07-15,50300
440,2023-04-05,73790
440,2023-01-29,46390
440,2023-02-25,71830
440,2023-01-12,38200
440,2023-05-27,65360
440,2023-03-25,45160
440,2023-05-03,52487
440,2023-02-08,51640
441,2023-07-05,23680
441,2023-01-05,15090
442,2023-01-23,24970
442,2023-01-23,15090
443,2023-01-12,21250
444,2023-01-24,15480
444,2023-02-07,15560
444,2023-01-27,15430
444,2023-02-02,15810
445,2023-01-24,31940
445,2023-02-04,40520
445,2023-01-28,41880
446,2023-01-07,34930
447,2023-06-05,22560
447,2023-04-28,24750
447,2023-08-17,18230
447,2023-05-08,11060
447,2023-01-23,15270
447,2023-07-04,42260
447,2023-03-28,29300
447,2023-02-21,30250
447,2023-05-18,25060
447,2023-02-18,13110
447,2023-01-29,11050
447,2023-01-05,36630
447,2023-04-04,20890
447,2023-06-08,17860
447,2023-08-23,17470
447,2023-04-09,15420
447,2023-02-02,23150
447,2023-06-07,16650
447,2023-01-23,11600
447,2023-04-22,12880
447,2023-06-03,27790
447,2023-02-15,34340
447,2023-04-05,17740
447,2023-07-15,22040
447,2023-02-10,11932
447,2023-04-06,26260
448,2023-01-26,10980
449,2023-01-09,63040
449,2023-01-10,76110
449,2023-01-09,54590
450,2023-01-12,17880
450,2023-01-24,15040
451,2023-01-24,25260
452,2023-02-03,49370
452,2023-08-12,34010
452,2023-03-26,17260
452,2023-07-31,25590
452,2023-01-12,30380
452,2023-02-03,11370
452,2023-05-28,23410
452,2023-01-19,26050
452,2023-01-13,13990
452,2023-06-25,29270
452,2023-03-18,34750
453,2023-01-29,25220
453,2023-03-19,12940
454,2023-04-13,41560
454,2023-01-18,26990
454,2023-05-18,20430
454,2023-04-10,54140
454,2023-06-13,41440
455,2023-02-08,23500
455,2023-01-20,23750
455,2023-05-21,20430
455,2023-01-16,54220
455,2023-03-26,13830
455,2023-04-26,29400
455,2023-01-19,43690
455,2023-05-24,15040
455,2023-06-01,19340
455,2023-01-25,39290
455,2023-01-29,17020
456,2023-01-10,15020
456,2023-01-11,15160
456,2023-01-20,18120
456,2023-02-05,16060
457,2023-01-11,32170
457,2023-04-22,62880
457,2023-04-17,57580
458,2023-06-20,61480
458,2023-06-27,51540
458,2023-07-29,20190
458,2023-08-06,61450
458,2023-01-23,32930
458,2023-02-25,60150
458,2023-04-12,55670
458,2023-07-13,60850
458,2023-06-09,61590
458,2023-01-25,31640
458,2023-01-16,21490
458,2023-03-24,61250
459,2023-01-20,10210
460,2023-06-23,22900
460,2023-01-25,22620
460,2023-02-11,31140
460,2023-02-12,23130
460,2023-06-11,40200
460,2023-07-20,41840
460,2023-05-13,19630
460,2023-05-16,24920
460,2023-08-18,40340
461,2023-01-15,34060
461,2023-01-21,41730
462,2023-01-15,32710
463,2023-02-23,51300
463,2023-01-12,30410
464,2023-01-18,21160
465,2023-05-29,40040
465,2023-07-14,60758
465,2023-03-06,41680
465,2023-08-20,60690
465,2023-02-17,50530
465,2023-05-12,60920
465,2023-04-04,50370
465,2023-03-15,50400
465,2023-05-07,51060
465,2023-06-16,56206
465,2023-01-31,36450
465,2023-08-25,41740
465,2023-05-22,50900
465,2023-04-29,60320
465,2023-04-22,50090
465,2023-06-21,50220
465,2023-02-03,18710
465,2023-01-21,23954
466,2023-01-18,39400
467,2023-06-09,56500
467,2023-01-27,42840
467,2023-01-20,42320
467,2023-04-10,30170
467,2023-08-19,68775
467,2023-01-24,24190
467,2023-04-09,37710
467,2023-04-15,23430
467,2023-05-30,19460
467,2023-02-19,39010
467,2023-02-07,32560
467,2023-05-12,26320
467,2023-03-28,45600
467,2023-06-03,71790
467,2023-07-14,20800
467,2023-06-27,26600
467,2023-05-28,25610
467,2023-02-12,33490
467,2023-06-10,24220
467,2023-07-14,67030
467,2023-08-28,50310
467,2023-05-07,55300
467,2023-04-13,30450
467,2023-01-14,63780
467,2023-05-09,23710
467,2023-04-05,26630
467,2023-05-15,35550
467,2023-06-19,67630
467,2023-07-06,88700
467,2023-03-10,45740
467,2023-06-08,20830
467,2023-04-08,32290
467,2023-05-23,27790
467,2023-01-16,29640
467,2023-07-22,99970
467,2023-03-04,33040
467,2023-03-15,26380
467,2023-05-29,42020
467,2023-04-17,21160
467,2023-04-07,54610
467,2023-04-25,44100
467,2023-05-01,47690
467,2023-03-25,33050
467,2023-05-18,65160
467,2023-01-13,39020
467,2023-03-06,31460
467,2023-04-18,40260
467,2023-01-16,37160
467,2023-02-08,63130
467,2023-02-14,69490
467,2023-06-06,37570
467,2023-03-19,17750
468,2023-01-12,34340
469,2023-02-01,39900
469,2023-07-29,15930
469,2023-01-05,22000
470,2023-01-05,31580
470,2023-02-24,32400
470,2023-06-11,54630
470,2023-03-15,50230
470,2023-07-31,51531
470,2023-03-11,59270
470,2023-05-10,50080
470,2023-06-23,60040
470,2023-01-03,40300
470,2023-01-26,22290
470,2023-03-31,52850
470,2023-03-23,71190
470,2023-05-24,62030
470,2023-02-04,32050
470,2023-02-28,32290
470,2023-01-29,27850
470,2023-08-10,74432
470,2023-02-08,53490
470,2023-08-24,51180
470,2023-08-22,61010
470,2023-04-24,51350
470,2023-01-23,37020
470,2023-04-10,57450
470,2023-06-29,63070
470,2023-04-27,41990
470,2023-07-27,64310
470,2023-07-13,52810
471,2023-01-07,15590
472,2023-07-30,50380
472,2023-07-05,68180
472,2023-06-21,73150
472,2023-06-24,43880
472,2023-04-18,35960
472,2023-07-08,32110
472,2023-08-19,53000
472,2023-01-29,25460
472,2023-06-28,18480
472,2023-08-09,48940
472,2023-04-26,42760
472,2023-02-16,28994
472,2023-02-17,15370
472,2023-05-25,66500
472,2023-08-17,41780
472,2023-06-12,41920
472,2023-06-21,46530
472,2023-03-18,10870
472,2023-05-07,34730
472,2023-07-30,46400
473,2023-06-26,14760
473,2023-02-28,17500
473,2023-06-09,13470
473,2023-06-23,12620
473,2023-06-25,12510
473,2023-03-15,10760
473,2023-01-23,13240
473,2023-06-22,10880
473,2023-07-30,17720
473,2023-03-17,10380
473,2023-04-14,14700
473,2023-07-02,24640
473,2023-02-02,11820
473,2023-05-19,12560
473,2023-07-19,26230
473,2023-03-21,10210
473,2023-02-24,19310
473,2023-08-28,19940
473,2023-07-21,19050
473,2023-06-07,11440
473,2023-05-28,10160
473,2023-07-16,15080
473,2023-06-09,10790
473,2023-06-12,19790
473,2023-08-13,15060
473,2023-03-18,10770
473,2023-06-13,21660
473,2023-06-28,11020
473,2023-01-21,16000
473,2023-01-12,22520
473,2023-05-27,10060
473,2023-01-17,11240
473,2023-06-22,14960
473,2023-04-16,12170
473,2023-01-24,16640
473,2023-06-08,10580
473,2023-06-30,15000
473,2023-02-04,10750
473,2023-01-14,10180
473,2023-02-11,11230
473,2023-06-22,10280
473,2023-05-25,11570
473,2023-08-03,18100
473,2023-05-02,11100
473,2023-07-16,15910
474,2023-02-12,16520
474,2023-01-21,24850
474,2023-07-07,40210
474,2023-07-23,15300
474,2023-01-31,18700
474,2023-08-15,23120
474,2023-06-26,31870
474,2023-07-20,40560
474,2023-06-19,24160
474,2023-06-24,14960
474,2023-02-02,18690
474,2023-07-21,15390
474,2023-07-05,22970
474,2023-08-22,19100
475,2023-01-07,15470
476,2023-01-08,31600
476,2023-01-29,30080
477,2023-01-18,26730
477,2023-03-26,24710
477,2023-01-31,31300
477,2023-04-21,13590
477,2023-05-13,20890
478,2023-01-22,20260
479,2023-01-31,24550
480,2023-03-25,10480
480,2023-01-29,10840
481,2023-01-24,12970
482,2023-01-25,27520
482,2023-01-04,21270
482,2023-01-10,36710
482,2023-02-26,51090
482,2023-01-05,37970
482,2023-04-24,40510
482,2023-06-18,46000
482,2023-01-24,30340
482,2023-01-26,35270
483,2023-08-12,54970
483,2023-01-05,37120
483,2023-04-15,51220
483,2023-06-09,63690
483,2023-01-09,20980
483,2023-02-24,60120
483,2023-06-18,68980
483,2023-01-05,58130
483,2023-06-19,41370
484,2023-03-19,46360
484,2023-02-19,84200
484,2023-02-02,19980
484,2023-05-09,64596
484,2023-04-09,36140
484,2023-03-15,41430
484,2023-04-01,51580
484,2023-01-16,36040
484,2023-05-17,49400
484,2023-02-05,37550
485,2023-02-17,32040
485,2023-02-14,17550
485,2023-06-06,40690
485,2023-04-01,24480
485,2023-01-24,15910
486,2023-01-14,31760
487,2023-06-18,25001
487,2023-04-30,10480
487,2023-01-19,22150
487,2023-01-11,18260
487,2023-01-07,48370
487,2023-04-08,20270
488,2023-07-28,50190
488,2023-06-10,60251
488,2023-01-30,20670
488,2023-07-16,40430
488,2023-06-13,55370
488,2023-07-18,50449
488,2023-05-25,40490
488,2023-03-21,60100
488,2023-04-07,60035
488,2023-03-03,50630
488,2023-02-16,50100
488,2023-01-23,17160
488,2023-06-02,60300
488,2023-05-18,60172
488,2023-08-21,50090
488,2023-06-24,50000
488,2023-05-04,60350
488,2023-01-24,15710
488,2023-05-21,29190
488,2023-02-17,50290
488,2023-06-29,50250
488,2023-07-29,40301
488,2023-08-12,60827
488,2023-01-21,40290
488,2023-02-03,15020
488,2023-04-13,60893
488,2023-05-01,60370
488,2023-01-18,20660
488,2023-03-08,50570
488,2023-07-11,20040
488,2023-02-19,30270
488,2023-04-15,50060
488,2023-07-06,40470
488,2023-04-01,50340
488,2023-02-10,30120
488,2023-05-29,60660
488,2023-01-19,15370
488,2023-02-25,50670
488,2023-01-25,15020
488,2023-01-11,33550
488,2023-01-14,30330
488,2023-07-26,50020
488,2023-01-26,17950
488,2023-03-16,60940
488,2023-04-20,60330
488,2023-08-02,60510
488,2023-03-14,50150
488,2023-02-02,30170
488,2023-05-14,50610
488,2023-05-09,60220
488,2023-08-07,50050
489,2023-01-20,21980
489,2023-05-26,11790
489,2023-01-21,16980
490,2023-01-04,10080
491,2023-01-06,31280
491,2023-04-21,69930
491,2023-01-28,42310
492,2023-01-03,30042
493,2023-01-09,37000
493,2023-06-09,18140
493,2023-04-11,29970
493,2023-01-06,25430
493,2023-05-31,29441
493,2023-03-07,40040
493,2023-05-08,27270
493,2023-04-19,24340
493,2023-01-25,34780
493,2023-02-23,36220
493,2023-04-26,36390
493,2023-01-24,46620
493,2023-04-21,32430
493,2023-07-11,29250
493,2023-05-11,67210
493,2023-05-02,21050
493,2023-06-16,57340
493,2023-03-10,28010
493,2023-02-08,46580
493,2023-04-05,20260
493,2023-07-29,48660
493,2023-06-12,27300
493,2023-02-22,60530
493,2023-01-18,63080
493,2023-03-22,17420
493,2023-02-02,46520
493,2023-02-19,30700
493,2023-05-04,29560
493,2023-02-09,30400
493,2023-08-07,32410
493,2023-06-14,41972
493,2023-03-31,40090
493,2023-03-14,24060
493,2023-03-23,24470
493,2023-01-13,46360
493,2023-01-11,22440
493,2023-05-15,21480
493,2023-04-23,26470
493,2023-07-09,40090
493,2023-01-03,51500
493,2023-04-07,27440
493,2023-07-21,40011
493,2023-05-10,17350
493,2023-01-29,47480
493,2023-02-18,31320
493,2023-07-03,22810
493,2023-06-07,36520
493,2023-01-10,25920
493,2023-07-07,40280
493,2023-02-28,40120
493,2023-02-06,28490
493,2023-04-08,40540
493,2023-07-12,20740
493,2023-01-14,43790
493,2023-04-10,34650
493,2023-08-05,43410
493,2023-06-28,23050
493,2023-03-16,46620
494,2023-01-10,65980
494,2023-01-01,28970
495,2023-04-07,48630
495,2023-01-08,30640
495,2023-01-06,83780
495,2023-08-22,15490
496,2023-01-21,21590
496,2023-01-23,30150
497,2023-01-21,19880
497,2023-02-27,46090
497,2023-01-31,18770
497,2023-08-22,61530
497,2023-02-27,11840
497,2023-03-07,10460